formula,material,surface,molecule_group,molecule,state,y_true,y_mean,y_std,y_min,y_max,in_interval,error,split,dissociation,norm_res
C3H9Ir40NO80,IrO2,110,amines,Trimethylamine,relaxed,-0.46863225,-0.56453735,0.19407107,-0.9449166,-0.18415806,True,0.095905095,train,tensor([False]),0.49417514
C2H6O80Ru40S,RuO2,110,thiols_thials_thioketones_thioethers,Dimethylsulfane,relaxed,-0.36347976,-0.26226568,0.087828755,-0.43441004,-0.090121314,True,-0.10121408,train,tensor([False]),-1.1524025
C2H6N2O80Ru40,RuO2,110,amidines,Acetimidamide,relaxed,-0.4174712,-0.48568732,0.06313192,-0.6094259,-0.36194876,True,0.068216115,train,tensor([False]),1.0805329
C3H9Ir40NO80,IrO2,110,amines,Propan-2-amine,relaxed,-1.5352437,-1.2134067,0.24975523,-1.702927,-0.7238864,True,-0.32183707,train,tensor([False]),-1.2886099
C2H6Ir40O81,IrO2,110,alcohols_aldehydes_ketones_ethers,Methoxymethane,relaxed,-0.23268577,-0.4016626,0.2971043,-0.98398703,0.18066186,True,0.16897681,train,tensor([False]),0.5687458
C2H7Ir40NO80,IrO2,110,amines,Ethanamine,relaxed,-2.7892,-2.735454,0.15544626,-3.0401287,-2.4307795,True,-0.053745985,train,tensor([False]),-0.34575284
C3H6O81Ru40,RuO2,110,alcohols_aldehydes_ketones_ethers,Propan-2-one,relaxed,-1.4285918,-1.1917553,0.16087651,-1.5070733,-0.8764373,True,-0.23683655,train,tensor([False]),-1.4721637
C3H8Ir40O81,IrO2,110,alcohols_aldehydes_ketones_ethers,Propan-2-ol,relaxed,-1.0674193,-1.1765091,0.22892287,-1.625198,-0.7278203,True,0.10908985,train,tensor([False]),0.47653538
CH4O81Ru40,RuO2,110,alcohols_aldehydes_ketones_ethers,Methanol,relaxed,-0.31471437,-0.3638612,0.1069905,-0.5735626,-0.15415981,True,0.04914683,train,tensor([False]),0.45935696
C2H6Ir40O81,IrO2,110,alcohols_aldehydes_ketones_ethers,Methoxymethane,relaxed,-0.50492525,-0.6427727,0.32455757,-1.2789055,-0.006639838,True,0.13784742,train,tensor([False]),0.4247241
C3H8Ir40O80S,IrO2,110,thiols_thials_thioketones_thioethers,Propane-2-thiol,relaxed,-3.3825548,-3.5009503,0.18688868,-3.867252,-3.1346486,True,0.11839557,train,tensor([True]),0.6335085
CH3Ir40NO81,IrO2,110,amides,Formamide,relaxed,-1.8624403,-2.1111422,0.19147725,-2.4864376,-1.7358468,True,0.24870181,train,tensor([False]),1.2988583
C2H6O80Ru40S,RuO2,110,thiols_thials_thioketones_thioethers,Dimethylsulfane,relaxed,-0.62338907,-0.8638826,0.30602393,-1.4636896,-0.2640757,True,0.24049354,train,tensor([False]),0.7858651
C2H6N2O80Ru40,RuO2,110,amidines,Acetimidamide,relaxed,-1.5487318,-1.7254941,0.094557166,-1.9108262,-1.5401621,True,0.17676234,train,tensor([False]),1.8693701
CH4O80Ru40,RuO2,110,alkanes_alkenes_alkynes,Methane,relaxed,-0.14012963,-0.16465116,0.11094862,-0.38211048,0.05280815,True,0.02452153,train,tensor([False]),0.22101699
CH2Ir40O83,IrO2,110,carbonates_carboxylic-acids_esters,Carbonic-acid,relaxed,-2.4099143,-2.3505852,0.26782155,-2.8755155,-1.825655,True,-0.059329033,train,tensor([True]),-0.22152449
CH2Ir40O81,IrO2,110,alcohols_aldehydes_ketones_ethers,Formaldehyde,relaxed,-1.6320947,-1.6086234,0.25093699,-2.1004598,-1.116787,True,-0.023471355,train,tensor([False]),-0.09353486
C3H6O80Ru40,RuO2,110,alkanes_alkenes_alkynes,Propylene,relaxed,-1.3276253,-1.133116,0.22187354,-1.5679882,-0.69824386,True,-0.19450927,train,tensor([False]),-0.87666726
C2H4Ir40O81,IrO2,110,alcohols_aldehydes_ketones_ethers,Acetaldehyde,relaxed,-1.9465513,-2.0263274,0.25365815,-2.5234973,-1.5291574,True,0.07977605,train,tensor([False]),0.3145022
C3H8Ir40O80S,IrO2,110,thiols_thials_thioketones_thioethers,Propane-2-thiol,relaxed,-3.477344,-3.436811,0.18453994,-3.7985094,-3.0751126,True,-0.040533066,train,tensor([True]),-0.21964386
CH4O81Ru40,RuO2,110,alcohols_aldehydes_ketones_ethers,Methanol,relaxed,-1.5916978,-1.6028504,0.13707761,-1.8715225,-1.3341783,True,0.011152625,train,tensor([False]),0.08135993
CH4Ir40O80S,IrO2,110,thiols_thials_thioketones_thioethers,Methanethiol,relaxed,-3.142078,-3.2217622,0.20405501,-3.62171,-2.8218143,True,0.07968426,train,tensor([True]),0.3905038
CH4O80Ru40S,RuO2,110,thiols_thials_thioketones_thioethers,Methanethiol,relaxed,-0.38897124,-0.55981314,0.13864353,-0.8315545,-0.2880718,True,0.1708419,train,tensor([False]),1.2322385
CH4Ir40O80S,IrO2,110,thiols_thials_thioketones_thioethers,Methanethiol,relaxed,-3.1431918,-3.3912725,0.18173327,-3.7474697,-3.0350754,True,0.24808073,train,tensor([True]),1.3650815
C2H5NO81Ru40,RuO2,110,amides,Acetamide,relaxed,-1.9644679,-2.1390104,0.10413982,-2.3431244,-1.9348963,True,0.17454255,train,tensor([False]),1.6760404
C2H5Ir40NO80,IrO2,110,imines,N-methylmethanimine,relaxed,-1.3731778,-0.5210908,0.26539165,-1.0412585,-0.00092315674,False,-0.85208696,train,tensor([False]),-3.2106774
C2H2O80Ru40,RuO2,110,alkanes_alkenes_alkynes,Acetylene,relaxed,-0.5583836,-0.5378635,0.20940693,-0.9483011,-0.12742591,True,-0.020520091,train,tensor([False]),-0.09799146
C3H9NO80Ru40,RuO2,110,amines,Propan-2-amine,relaxed,-0.45167613,-0.44059837,0.061597057,-0.5613286,-0.31986815,True,-0.011077762,train,tensor([False]),-0.17984238
CH5Ir40NO80,IrO2,110,amines,Methanamine,relaxed,-1.385776,-1.3218031,0.2259369,-1.7646394,-0.87896675,True,-0.06397295,train,tensor([False]),-0.2831452
CH3Ir40NO80,IrO2,110,imines,Methanimine,relaxed,-2.752871,-2.6879797,0.16272944,-3.0069294,-2.36903,True,-0.06489134,train,tensor([False]),-0.39876828
CH4Ir40O80S,IrO2,110,thiols_thials_thioketones_thioethers,Methanethiol,relaxed,-2.4706726,-2.4618392,0.19063403,-2.835482,-2.0881965,True,-0.008833408,train,tensor([False]),-0.046336997
C2H4Ir40O80S,IrO2,110,thiols_thials_thioketones_thioethers,Ethanethial,relaxed,-2.86363,-2.43154,0.222609,-2.8678536,-1.9952264,True,-0.43209004,train,tensor([False]),-1.9410268
CH3NO81Ru40,RuO2,110,oximes,Formaldoxime,relaxed,-0.4682054,-0.38527012,0.083513945,-0.54895747,-0.22158279,True,-0.08293527,train,tensor([False]),-0.99307096
C2H5Ir40NO80,IrO2,110,imines,Ethanimine,relaxed,-2.7239518,-2.7575734,0.16121,-3.073545,-2.4416018,True,0.03362155,train,tensor([False]),0.20855747
C3H4O80Ru40,RuO2,110,alkanes_alkenes_alkynes,Prop-1-yne,relaxed,-0.24069108,-0.14628673,0.11564131,-0.3729437,0.08037025,True,-0.094404355,train,tensor([False]),-0.81635493
C2H6N2O80Ru40,RuO2,110,amidines,Acetimidamide,relaxed,-2.2366388,-2.221634,0.10149986,-2.4205737,-2.022694,True,-0.015004873,train,tensor([False]),-0.14783147
C2H6Ir40N2O80,IrO2,110,amidines,Acetimidamide,relaxed,-3.0758572,-2.931539,0.14969012,-3.2249317,-2.6381464,True,-0.1443181,train,tensor([False]),-0.9641124
C2H6Ir40N2O80,IrO2,110,amidines,Acetimidamide,relaxed,-0.06098237,-0.5366648,0.3439306,-1.2107687,0.13743919,True,0.4756824,train,tensor([False]),1.3830767
C2H4O80Ru40,RuO2,110,alkanes_alkenes_alkynes,Ethene,relaxed,-1.1271307,-1.1832497,0.1357251,-1.449271,-0.9172285,True,0.056118965,train,tensor([False]),0.41347522
CH3Ir40NO81,IrO2,110,amides,Formamide,relaxed,-0.48171452,-0.4918604,0.29442695,-1.0689373,0.08521646,True,0.010145873,train,tensor([False]),0.03445973
C2H6O80Ru40S,RuO2,110,thiols_thials_thioketones_thioethers,Ethanethiol,relaxed,-0.83044094,-0.6441542,0.091373034,-0.82324535,-0.46506304,False,-0.18628675,train,tensor([False]),-2.0387497
CH4Ir40O81,IrO2,110,alcohols_aldehydes_ketones_ethers,Methanol,relaxed,-2.3410761,-2.7876189,0.238553,-3.2551827,-2.320055,True,0.44654274,train,tensor([True]),1.8718807
CH4O80Ru40,RuO2,110,alkanes_alkenes_alkynes,Methane,relaxed,-0.4265436,-0.4939546,0.124489605,-0.73795426,-0.24995497,True,0.067411005,train,tensor([False]),0.5414991
C3H8O80Ru40,RuO2,110,alkanes_alkenes_alkynes,Propane,relaxed,-0.5394167,-0.598241,0.13768531,-0.8681042,-0.32837775,True,0.0588243,train,tensor([False]),0.4272373
C2H6Ir40O80S,IrO2,110,thiols_thials_thioketones_thioethers,Dimethylsulfane,relaxed,-2.608809,-2.5735624,0.1939607,-2.9537253,-2.1933994,True,-0.03524661,train,tensor([False]),-0.18172038
C2H4O80Ru40S,RuO2,110,thiols_thials_thioketones_thioethers,Ethanethial,relaxed,-0.18970709,-0.57571477,0.25356475,-1.0727017,-0.07872787,True,0.38600767,train,tensor([False]),1.5223238
CH3NO81Ru40,RuO2,110,amides,Formamide,relaxed,-2.5132828,-2.7260008,0.13506863,-2.9907353,-2.4612663,True,0.21271801,train,tensor([True]),1.5748883
CH2O83Ru40,RuO2,110,carbonates_carboxylic-acids_esters,Carbonic-acid,relaxed,-1.8413459,-1.4961722,0.20875652,-1.905335,-1.0870094,True,-0.34517372,train,tensor([True]),-1.6534752
C2H5Ir40NO81,IrO2,110,amides,Acetamide,relaxed,-1.9378561,-2.0158477,0.19864208,-2.4051862,-1.6265092,True,0.077991605,train,tensor([False]),0.39262378
C2H4Ir40O80S,IrO2,110,thiols_thials_thioketones_thioethers,Ethanethial,relaxed,-2.5889723,-2.4242363,0.20983209,-2.8355072,-2.0129654,True,-0.16473603,train,tensor([False]),-0.785085
C2H6Ir40O80S,IrO2,110,thiols_thials_thioketones_thioethers,Dimethylsulfane,relaxed,-2.4917662,-2.4584222,0.20723054,-2.864594,-2.0522504,True,-0.03334403,train,tensor([False]),-0.16090307
C3H9NO80Ru40,RuO2,110,amines,Trimethylamine,relaxed,-0.4818277,-0.4834957,0.044550125,-0.57081395,-0.39617747,True,0.0016680062,train,tensor([False]),0.037441112
C2H4Ir40O80S,IrO2,110,thiols_thials_thioketones_thioethers,Ethanethial,relaxed,-2.502474,-2.4486485,0.21342118,-2.8669538,-2.030343,True,-0.053825617,train,tensor([False]),-0.25220373
C3H9Ir40NO80,IrO2,110,amines,Trimethylamine,relaxed,-0.81660837,-0.7320433,0.1353355,-0.9973009,-0.46678573,True,-0.08456504,train,tensor([False]),-0.6248548
C2H4O80Ru40,RuO2,110,alkanes_alkenes_alkynes,Ethene,relaxed,-1.1124134,-1.1180456,0.12979433,-1.3724425,-0.86364865,True,0.005632162,train,tensor([False]),0.043392975
C3H8O80Ru40,RuO2,110,alkanes_alkenes_alkynes,Propane,relaxed,-0.5396182,-0.586749,0.102883905,-0.7884015,-0.38509655,True,0.047130823,train,tensor([False]),0.45809713
C3H9NO80Ru40,RuO2,110,amines,Trimethylamine,relaxed,-1.6991528,-1.709321,0.105045795,-1.9152107,-1.5034313,True,0.010168195,train,tensor([False]),0.096797734
CH2Ir40O81,IrO2,110,alcohols_aldehydes_ketones_ethers,Formaldehyde,relaxed,-1.6591384,-1.6086234,0.25093699,-2.1004598,-1.116787,True,-0.050515056,train,tensor([False]),-0.20130575
C2H6O80Ru40S,RuO2,110,thiols_thials_thioketones_thioethers,Dimethylsulfane,relaxed,-1.6849369,-1.554979,0.146416,-1.8419544,-1.2680036,True,-0.12995791,train,tensor([False]),-0.8875937
C2H4O80Ru40S,RuO2,110,thiols_thials_thioketones_thioethers,Ethanethial,relaxed,-0.21411243,-0.78390515,0.31536692,-1.4020243,-0.16578597,True,0.56979275,train,tensor([False]),1.8067613
C3H6O80Ru40S,RuO2,110,thiols_thials_thioketones_thioethers,Propane-2-thione,relaxed,-1.2170694,-0.9118334,0.2614877,-1.4243493,-0.3993175,True,-0.30523598,train,tensor([False]),-1.1673054
CH4Ir40N2O80,IrO2,110,amidines,Formimidamide,relaxed,-4.367753,-4.238312,0.09883787,-4.432034,-4.0445895,True,-0.12944126,train,tensor([True]),-1.3096323
CH4Ir40O80S,IrO2,110,thiols_thials_thioketones_thioethers,Methanethiol,relaxed,-0.3217309,-0.3757013,0.19044137,-0.7489664,-0.0024362206,True,0.053970397,train,tensor([False]),0.2833964
CH3NO80Ru40,RuO2,110,imines,Methanimine,relaxed,-1.9954523,-1.9406768,0.11496874,-2.1660156,-1.7153381,True,-0.054775476,train,tensor([False]),-0.47643802
C3H8O80Ru40S,RuO2,110,thiols_thials_thioketones_thioethers,Propane-2-thiol,relaxed,-0.39471167,-0.45261312,0.076639265,-0.60282606,-0.30240017,True,0.057901442,train,tensor([False]),0.7555062
C3H8O80Ru40S,RuO2,110,thiols_thials_thioketones_thioethers,Propane-2-thiol,relaxed,-1.6803143,-1.8156009,0.16271397,-2.1345203,-1.4966815,True,0.13528657,train,tensor([False]),0.83143795
C3H9NO80Ru40,RuO2,110,amines,Propan-2-amine,relaxed,-2.1075447,-1.9582257,0.10214156,-2.1584232,-1.7580283,True,-0.14931893,train,tensor([False]),-1.4618822
C2H6Ir40N2O80,IrO2,110,amidines,Acetimidamide,relaxed,-4.4579487,-4.371892,0.080384694,-4.529446,-4.214338,True,-0.08605671,train,tensor([True]),-1.0705609
C2H5NO81Ru40,RuO2,110,amides,Acetamide,relaxed,-1.541222,-1.4553516,0.107085556,-1.6652393,-1.2454638,True,-0.085870385,train,tensor([False]),-0.8018858
C3H7Ir40NO80,IrO2,110,imines,Propan-2-imine,relaxed,-0.25802112,-0.3994801,0.1860966,-0.7642294,-0.034730762,True,0.14145899,train,tensor([False]),0.76013744
C2H6Ir40N2O80,IrO2,110,amidines,Acetimidamide,relaxed,-2.4112225,-2.6382298,0.17235602,-2.9760478,-2.300412,True,0.22700739,train,tensor([False]),1.3170842
C2H6O80Ru40S,RuO2,110,thiols_thials_thioketones_thioethers,Ethanethiol,relaxed,-2.3273215,-2.1758122,0.16751707,-2.5041456,-1.8474787,True,-0.15150928,train,tensor([True]),-0.9044409
CH2O80Ru40S,RuO2,110,thiols_thials_thioketones_thioethers,Methanethial,relaxed,-1.6273973,-1.4555564,0.21070217,-1.8685327,-1.0425801,True,-0.1718409,train,tensor([False]),-0.8155631
CH2Ir40O83,IrO2,110,carbonates_carboxylic-acids_esters,Carbonic-acid,relaxed,-2.650935,-2.7456975,0.21132445,-3.1598935,-2.3315015,True,0.09476256,train,tensor([True]),0.44842213
C2H5NO80Ru40,RuO2,110,imines,Ethanimine,relaxed,-1.93214,-1.9931669,0.11062863,-2.209999,-1.7763348,True,0.06102693,train,tensor([False]),0.55163777
C2H4Ir40O80S,IrO2,110,thiols_thials_thioketones_thioethers,Ethanethial,relaxed,-3.1734622,-2.7958584,0.29928946,-3.3824658,-2.209251,True,-0.37760377,train,tensor([False]),-1.2616674
C3H8Ir40O80S,IrO2,110,thiols_thials_thioketones_thioethers,Propane-2-thiol,relaxed,-3.3981006,-3.4143214,0.18888615,-3.7845383,-3.0441046,True,0.016220808,train,tensor([True]),0.08587611
C2H6Ir40N2O80,IrO2,110,amidines,Acetimidamide,relaxed,-2.998858,-2.931539,0.14969012,-3.2249317,-2.6381464,True,-0.06731892,train,tensor([False]),-0.44972184
C3H9NO80Ru40,RuO2,110,amines,Propan-2-amine,relaxed,-1.9872928,-2.0242255,0.09909536,-2.2184525,-1.8299986,True,0.036932707,train,tensor([False]),0.37269866
C3H8O80Ru40,RuO2,110,alkanes_alkenes_alkynes,Propane,relaxed,-0.7750492,-0.5065597,0.15015532,-0.80086416,-0.2122553,True,-0.26848948,train,tensor([False]),-1.7880783
CH2O81Ru40,RuO2,110,alcohols_aldehydes_ketones_ethers,Formaldehyde,relaxed,-1.7076367,-1.593009,0.28046677,-2.1427238,-1.0432942,True,-0.11462772,train,tensor([False]),-0.4087034
C3H9Ir40NO80,IrO2,110,amines,Propan-2-amine,relaxed,-0.5272654,-0.2941389,0.12547494,-0.5400698,-0.048208013,True,-0.23312652,train,tensor([False]),-1.8579527
CH4N2O80Ru40,RuO2,110,amidines,Formimidamide,relaxed,-2.357088,-2.3559108,0.0885302,-2.52943,-2.1823916,True,-0.001177311,train,tensor([False]),-0.013298411
C2H5Ir40NO80,IrO2,110,imines,Ethanimine,relaxed,-0.39442882,-0.3035512,0.124008134,-0.54660714,-0.060495242,True,-0.09087762,train,tensor([False]),-0.732836
CH2Ir40O80S,IrO2,110,thiols_thials_thioketones_thioethers,Methanethial,relaxed,-3.233587,-2.363921,0.23571655,-2.8259254,-1.9019165,False,-0.8696661,train,tensor([False]),-3.6894572
C3H6O80Ru40,RuO2,110,alkanes_alkenes_alkynes,Propylene,relaxed,-0.18749672,-0.29394627,0.11754219,-0.52432895,-0.06356357,True,0.106449544,train,tensor([False]),0.9056284
C2H5Ir40NO80,IrO2,110,imines,Ethanimine,relaxed,-2.734947,-2.874326,0.16035368,-3.1886191,-2.5600328,True,0.13937902,train,tensor([False]),0.86919755
C2H4Ir40O81,IrO2,110,alcohols_aldehydes_ketones_ethers,Acetaldehyde,relaxed,-0.22368254,-0.27917385,0.13803871,-0.5497297,-0.008617967,True,0.055491313,train,tensor([False]),0.4019982
C2H4O80Ru40S,RuO2,110,thiols_thials_thioketones_thioethers,Ethanethial,relaxed,-0.3324687,-0.2806865,0.07964963,-0.43679976,-0.12457323,True,-0.05178219,train,tensor([False]),-0.6501247
CH3NO80Ru40,RuO2,110,imines,Methanimine,relaxed,-1.9711624,-1.8678999,0.12341347,-2.1097903,-1.6260095,True,-0.10326254,train,tensor([False]),-0.83672017
C3H8Ir40O80,IrO2,110,alkanes_alkenes_alkynes,Propane,relaxed,-0.87643415,-1.1867986,0.2557442,-1.6880572,-0.68553996,True,0.31036443,train,tensor([False]),1.2135737
C2H4Ir40O82,IrO2,110,carbonates_carboxylic-acids_esters,Acetic-acid,relaxed,-2.337632,-2.3482594,0.2920692,-2.920715,-1.7758038,True,0.010627508,train,tensor([True]),0.03638695
C3H6O80Ru40S,RuO2,110,thiols_thials_thioketones_thioethers,Propane-2-thione,relaxed,-1.8287824,-1.1890558,0.26682842,-1.7120395,-0.6660721,False,-0.63972664,train,tensor([False]),-2.3975205
C3H6Ir40O80,IrO2,110,alkanes_alkenes_alkynes,Propylene,relaxed,-2.00156,-1.9142463,0.24541499,-2.3952596,-1.4332329,True,-0.08731365,train,tensor([False]),-0.35577962
C3H9Ir40NO80,IrO2,110,amines,Trimethylamine,relaxed,-1.0374961,-1.3861243,0.2850547,-1.9448315,-0.827417,True,0.34862816,train,tensor([False]),1.2230219
C3H7NO80Ru40,RuO2,110,imines,Propan-2-imine,relaxed,-0.43442288,-0.35615933,0.062326055,-0.4783184,-0.23400027,True,-0.07826355,train,tensor([False]),-1.2557116
C2H6Ir40O81,IrO2,110,alcohols_aldehydes_ketones_ethers,Methoxymethane,relaxed,-0.12101111,-0.35733032,0.13877545,-0.6293302,-0.08533043,True,0.23631921,train,tensor([False]),1.7028892
CH3NO82Ru40,RuO2,110,carbamate-esters,Carbamic-acid,relaxed,-1.86253,-1.7993212,0.18341073,-2.1588063,-1.4398361,True,-0.06320882,train,tensor([True]),-0.34462988
C2H6O81Ru40,RuO2,110,alcohols_aldehydes_ketones_ethers,Methoxymethane,relaxed,-0.17997466,-0.2948401,0.08105328,-0.45370454,-0.13597567,True,0.11486544,train,tensor([False]),1.4171597
CH4N2O80Ru40,RuO2,110,amidines,Formimidamide,relaxed,-0.3341168,-0.37912333,0.0376427,-0.45290303,-0.30534363,True,0.045006543,train,tensor([False]),1.1956248
C2H6O81Ru40,RuO2,110,alcohols_aldehydes_ketones_ethers,Ethanol,relaxed,-0.18295628,-0.40194905,0.10319631,-0.60421383,-0.19968428,False,0.21899277,train,tensor([False]),2.122099
CH2Ir40O82,IrO2,110,carbonates_carboxylic-acids_esters,Formic-acid,relaxed,-3.3377254,-3.0772533,0.208986,-3.486866,-2.6676407,True,-0.26047206,train,tensor([True]),-1.2463613
C3H4O80Ru40,RuO2,110,alkanes_alkenes_alkynes,Prop-1-yne,relaxed,-1.2023008,-1.2364321,0.13003962,-1.4913098,-0.9815544,True,0.03413129,train,tensor([False]),0.2624684
C2H6Ir40N2O80,IrO2,110,amidines,Acetimidamide,relaxed,-0.549138,-0.57923156,0.33776227,-1.2412456,0.08278251,True,0.03009355,train,tensor([False]),0.08909684
C3H4O80Ru40,RuO2,110,alkanes_alkenes_alkynes,Prop-1-yne,relaxed,-1.2516265,-1.3652012,0.15396129,-1.6669654,-1.0634371,True,0.11357474,train,tensor([False]),0.7376838
C3H4O80Ru40,RuO2,110,alkanes_alkenes_alkynes,Prop-1-yne,relaxed,-0.3526405,-0.5590746,0.11618109,-0.78678954,-0.33135962,True,0.20643407,train,tensor([False]),1.7768302
CH3NO81Ru40,RuO2,110,amides,Formamide,relaxed,-1.6173105,-1.5988002,0.11025326,-1.8148966,-1.3827038,True,-0.018510342,train,tensor([False]),-0.1678893
CH2O83Ru40,RuO2,110,carbonates_carboxylic-acids_esters,Carbonic-acid,relaxed,-2.0679545,-1.7753088,0.33781797,-2.437432,-1.1131856,True,-0.2926457,train,tensor([True]),-0.8662822
C2H6Ir40N2O80,IrO2,110,amidines,Acetimidamide,relaxed,-3.2869053,-2.931539,0.14969012,-3.2249317,-2.6381464,False,-0.35536623,train,tensor([False]),-2.3740125
C2H6O80Ru40S,RuO2,110,thiols_thials_thioketones_thioethers,Ethanethiol,relaxed,-2.3130302,-2.2843266,0.17850764,-2.6342015,-1.9344516,True,-0.02870369,train,tensor([True]),-0.1607981
C2H5Ir40NO80,IrO2,110,imines,N-methylmethanimine,relaxed,-2.6325107,-2.6814198,0.17590415,-3.026192,-2.3366477,True,0.048909187,train,tensor([False]),0.27804452
C3H9NO80Ru40,RuO2,110,amines,Propan-2-amine,relaxed,-2.188802,-1.972786,0.11346231,-2.195172,-1.7503998,True,-0.21601605,train,tensor([False]),-1.9038575
C3H9NO80Ru40,RuO2,110,amines,Propan-2-amine,relaxed,-0.38210133,-0.3620956,0.063751414,-0.4870484,-0.23714282,True,-0.020005733,train,tensor([False]),-0.31380844
CH4Ir40O80,IrO2,110,alkanes_alkenes_alkynes,Methane,relaxed,-0.09049819,-0.1659168,0.18375771,-0.5260819,0.19424832,True,0.075418614,train,tensor([False]),0.41042423
C2H6O81Ru40,RuO2,110,alcohols_aldehydes_ketones_ethers,Ethanol,relaxed,-0.6890608,-0.6740737,0.123590305,-0.91631067,-0.4318367,True,-0.014987111,train,tensor([False]),-0.12126446
C2H4O82Ru40,RuO2,110,carbonates_carboxylic-acids_esters,Acetic-acid,relaxed,-1.8517106,-1.7277925,0.18886553,-2.097969,-1.3576161,True,-0.12391806,train,tensor([True]),-0.6561179
CH4O81Ru40,RuO2,110,alcohols_aldehydes_ketones_ethers,Methanol,relaxed,-0.8117674,-0.5579512,0.16322699,-0.87787616,-0.23802629,True,-0.2538162,train,tensor([False]),-1.5549891
CH4O80Ru40S,RuO2,110,thiols_thials_thioketones_thioethers,Methanethiol,relaxed,-1.6977403,-1.7142642,0.14698245,-2.0023499,-1.4261786,True,0.016523838,train,tensor([False]),0.112420484
CH3Ir40NO82,IrO2,110,carbamate-esters,Carbamic-acid,relaxed,-1.8681649,-1.8015286,0.18967481,-2.1732912,-1.4297659,True,-0.066636324,train,tensor([False]),-0.35131878
C2H4O82Ru40,RuO2,110,carbonates_carboxylic-acids_esters,Acetic-acid,relaxed,-0.12246895,-0.4516976,0.17717038,-0.7989515,-0.10444364,True,0.32922864,train,tensor([False]),1.85826
C3H8O81Ru40,RuO2,110,alcohols_aldehydes_ketones_ethers,Propan-2-ol,relaxed,-0.24033412,-0.45244384,0.095693156,-0.6400024,-0.26488525,False,0.21210971,train,tensor([False]),2.216561
C2H6O81Ru40,RuO2,110,alcohols_aldehydes_ketones_ethers,Ethanol,relaxed,-0.72564536,-0.72556025,0.121242136,-0.96319485,-0.48792565,True,-8.511543e-05,train,tensor([False]),-0.0007020285
C2H6Ir40O80S,IrO2,110,thiols_thials_thioketones_thioethers,Ethanethiol,relaxed,-3.3892658,-3.3916626,0.18367018,-3.751656,-3.0316691,True,0.002396822,train,tensor([True]),0.013049598
CH4O80Ru40S,RuO2,110,thiols_thials_thioketones_thioethers,Methanethiol,relaxed,-0.3718498,-0.26415193,0.069668554,-0.4007023,-0.12760156,True,-0.107697874,train,tensor([False]),-1.5458606
C2H6Ir40O80,IrO2,110,alkanes_alkenes_alkynes,Ethane,relaxed,-0.82214534,-0.99354887,0.2688139,-1.5204241,-0.4666736,True,0.17140353,train,tensor([False]),0.6376289
C3H8Ir40O80,IrO2,110,alkanes_alkenes_alkynes,Propane,relaxed,-0.9043457,-0.8200444,0.26155552,-1.3326932,-0.30739558,True,-0.08430129,train,tensor([False]),-0.32230744
C2H2O80Ru40,RuO2,110,alkanes_alkenes_alkynes,Acetylene,relaxed,-1.1907885,-1.2478336,0.16829133,-1.5776846,-0.9179826,True,0.057045102,train,tensor([False]),0.33896637
C2H6Ir40O80,IrO2,110,alkanes_alkenes_alkynes,Ethane,relaxed,-0.19689174,-0.28746152,0.25413337,-0.78556293,0.2106399,True,0.09056978,train,tensor([False]),0.3563868
CH4Ir40O81,IrO2,110,alcohols_aldehydes_ketones_ethers,Methanol,relaxed,-0.16172493,-0.36438596,0.20382553,-0.763884,0.035112083,True,0.20266104,train,tensor([False]),0.9942868
C2H4Ir40O82,IrO2,110,carbonates_carboxylic-acids_esters,Acetic-acid,relaxed,-0.6335699,-0.73356247,0.21460482,-1.1541879,-0.312937,True,0.09999257,train,tensor([False]),0.46593815
C2H6O80Ru40,RuO2,110,alkanes_alkenes_alkynes,Ethane,relaxed,-0.65939784,-0.6314326,0.12567987,-0.8777651,-0.38510007,True,-0.027965248,train,tensor([False]),-0.22251175
C2H4O80Ru40,RuO2,110,alkanes_alkenes_alkynes,Ethene,relaxed,-0.6126781,-0.6943334,0.15886483,-1.0057085,-0.38295832,True,0.081655264,train,tensor([False]),0.5139921
C3H4O80Ru40,RuO2,110,alkanes_alkenes_alkynes,Prop-1-yne,relaxed,-1.1714629,-1.1724777,0.14451484,-1.4557269,-0.8892286,True,0.0010148287,train,tensor([False]),0.0070223147
CH2Ir40O80S,IrO2,110,thiols_thials_thioketones_thioethers,Methanethial,relaxed,-2.4551969,-2.4019039,0.21618348,-2.8256235,-1.9781842,True,-0.05329299,train,tensor([False]),-0.24651739
C3H6O81Ru40,RuO2,110,alcohols_aldehydes_ketones_ethers,Propan-2-one,relaxed,-1.4562016,-1.2333481,0.15883718,-1.544669,-0.92202723,True,-0.22285342,train,tensor([False]),-1.4030305
C3H9NO80Ru40,RuO2,110,amines,Propan-2-amine,relaxed,-0.8205998,-0.8192491,0.11679087,-1.0481592,-0.590339,True,-0.0013507009,train,tensor([False]),-0.011565124
C2H6Ir40O81,IrO2,110,alcohols_aldehydes_ketones_ethers,Ethanol,relaxed,-2.1278255,-2.0229027,0.36227736,-2.7329664,-1.312839,True,-0.10492277,train,tensor([False]),-0.28962
C2H5Ir40NO80,IrO2,110,imines,N-methylmethanimine,relaxed,-3.3017733,-3.2545207,0.20002688,-3.6465733,-2.862468,True,-0.047252655,train,tensor([True]),-0.23623152
C2H6Ir40O80S,IrO2,110,thiols_thials_thioketones_thioethers,Ethanethiol,relaxed,-2.4046955,-2.523879,0.18595912,-2.8883588,-2.1593993,True,0.11918354,train,tensor([False]),0.6409126
CH5Ir40NO80,IrO2,110,amines,Methanamine,relaxed,-0.40447193,-0.4167421,0.1980555,-0.8049309,-0.028553277,True,0.012270153,train,tensor([False]),0.0619531
C3H6O80Ru40,RuO2,110,alkanes_alkenes_alkynes,Propylene,relaxed,-1.3393352,-1.2008386,0.21705434,-1.626265,-0.7754121,True,-0.13849664,train,tensor([False]),-0.63807356
C2H6Ir40O81,IrO2,110,alcohols_aldehydes_ketones_ethers,Ethanol,relaxed,-1.9985453,-1.8265506,0.22299778,-2.2636263,-1.3894749,True,-0.17199469,train,tensor([False]),-0.7712843
CH2Ir40O80S,IrO2,110,thiols_thials_thioketones_thioethers,Methanethial,relaxed,-0.4217198,-0.3472556,0.41439566,-1.159471,0.46495992,True,-0.0744642,train,tensor([False]),-0.17969349
C3H9NO80Ru40,RuO2,110,amines,Propan-2-amine,relaxed,-0.48554784,-0.47077,0.10485366,-0.6762832,-0.26525682,True,-0.014777839,train,tensor([False]),-0.14093775
C2H6O80Ru40,RuO2,110,alkanes_alkenes_alkynes,Ethane,relaxed,-0.23073086,-0.24253786,0.1345269,-0.50621057,0.021134853,True,0.011806995,train,tensor([False]),0.0877668
CH4N2O80Ru40,RuO2,110,amidines,Formimidamide,relaxed,-2.2025943,-2.0835404,0.096882544,-2.2734303,-1.8936507,True,-0.11905384,train,tensor([False]),-1.2288471
C2H7Ir40NO80,IrO2,110,amines,Ethanamine,relaxed,-1.079941,-1.1414733,0.2230414,-1.5786345,-0.70431215,True,0.06153226,train,tensor([False]),0.2758782
C2H4Ir40O81,IrO2,110,alcohols_aldehydes_ketones_ethers,Acetaldehyde,relaxed,-1.2458549,-0.9846473,0.26147282,-1.497134,-0.47216052,True,-0.26120758,train,tensor([False]),-0.9989856
C2H7Ir40NO80,IrO2,110,amines,Ethanamine,relaxed,-1.2038884,-1.3623877,0.24894643,-1.8503227,-0.87445265,True,0.15849924,train,tensor([False]),0.6366801
C2H5Ir40NO81,IrO2,110,amides,Acetamide,relaxed,-2.6686866,-2.9812407,0.13623461,-3.2482605,-2.714221,False,0.31255412,train,tensor([False]),2.2942343
C2H5NO81Ru40,RuO2,110,amides,Acetamide,relaxed,-1.4639634,-1.470129,0.107200496,-1.680242,-1.2600161,True,0.0061656237,train,tensor([False]),0.05751488
C2H6Ir40O81,IrO2,110,alcohols_aldehydes_ketones_ethers,Ethanol,relaxed,-2.3449688,-2.2051582,0.23122272,-2.6583548,-1.7519617,True,-0.13981056,train,tensor([False]),-0.60465753
CH2Ir40O80S,IrO2,110,thiols_thials_thioketones_thioethers,Methanethial,relaxed,-2.5641005,-2.439577,0.20864747,-2.8485262,-2.030628,True,-0.1245234,train,tensor([False]),-0.5968124
C2H6O80Ru40S,RuO2,110,thiols_thials_thioketones_thioethers,Ethanethiol,relaxed,-0.24459472,-0.9601768,0.29657832,-1.5414703,-0.3788833,False,0.71558213,train,tensor([False]),2.4127932
CH2O81Ru40,RuO2,110,alcohols_aldehydes_ketones_ethers,Formaldehyde,relaxed,-1.1850063,-1.1523262,0.1414755,-1.4296182,-0.8750342,True,-0.032680035,train,tensor([False]),-0.2309943
C3H6Ir40O80S,IrO2,110,thiols_thials_thioketones_thioethers,Propane-2-thione,relaxed,-0.7456896,-0.32396758,0.36400175,-1.037411,0.38947588,True,-0.421722,train,tensor([False]),-1.1585714
C2H2O80Ru40,RuO2,110,alkanes_alkenes_alkynes,Acetylene,relaxed,-2.3837023,-1.4795898,0.67850506,-2.8094597,-0.14971983,True,-0.90411246,train,tensor([False]),-1.3325065
C3H8O81Ru40,RuO2,110,alcohols_aldehydes_ketones_ethers,Propan-2-ol,relaxed,-0.7572684,-0.71481824,0.102120705,-0.9149748,-0.51466167,True,-0.04245019,train,tensor([False]),-0.4156864
C3H6Ir40O81,IrO2,110,alcohols_aldehydes_ketones_ethers,Propan-2-one,relaxed,-1.9989017,-1.7147131,0.26499125,-2.234096,-1.1953301,True,-0.28418863,train,tensor([False]),-1.0724453
C2H4Ir40O82,IrO2,110,carbonates_carboxylic-acids_esters,Acetic-acid,relaxed,-3.4020224,-3.1134522,0.22882727,-3.5619535,-2.6649508,True,-0.28857017,train,tensor([True]),-1.261083
CH3Ir40NO82,IrO2,110,carbamate-esters,Carbamic-acid,relaxed,-3.3672254,-3.266048,0.1747439,-3.608546,-2.92355,True,-0.101177454,train,tensor([True]),-0.57900417
CH4Ir40N2O80,IrO2,110,amidines,Formimidamide,relaxed,-2.0904624,-2.2809374,0.18289985,-2.6394212,-1.9224538,True,0.19047499,train,tensor([False]),1.0414169
C3H7Ir40NO80,IrO2,110,imines,Propan-2-imine,relaxed,-2.854844,-2.8370464,0.15914917,-3.1489787,-2.525114,True,-0.017797709,train,tensor([False]),-0.111830354
CH3Ir40NO81,IrO2,110,amides,Formamide,relaxed,-1.8881103,-1.938153,0.19894703,-2.3280892,-1.5482168,True,0.05004275,train,tensor([False]),0.25153807
C3H9Ir40NO80,IrO2,110,amines,Propan-2-amine,relaxed,-2.7508965,-2.828983,0.15224244,-3.1273782,-2.530588,True,0.078086615,train,tensor([False]),0.51290965
C2H5NO81Ru40,RuO2,110,amides,Acetamide,relaxed,-1.9488541,-1.9703865,0.13708562,-2.2390742,-1.7016987,True,0.021532416,train,tensor([False]),0.15707277
C3H6O81Ru40,RuO2,110,alcohols_aldehydes_ketones_ethers,Propan-2-one,relaxed,-0.62520176,-1.0112615,0.2063256,-1.4156597,-0.60686326,True,0.3860597,train,tensor([False]),1.8711187
C3H6Ir40O80S,IrO2,110,thiols_thials_thioketones_thioethers,Propane-2-thione,relaxed,-0.7827658,-0.3239677,0.36400178,-1.0374112,0.38947582,True,-0.4587981,train,tensor([False]),-1.2604282
C2H6Ir40O81,IrO2,110,alcohols_aldehydes_ketones_ethers,Methoxymethane,relaxed,-1.0090975,-0.59722936,0.18622634,-0.96223295,-0.23222575,False,-0.4118681,train,tensor([False]),-2.2116532
C2H5Ir40NO80,IrO2,110,imines,Ethanimine,relaxed,-2.7357705,-2.841926,0.14621423,-3.128506,-2.5553463,True,0.106155634,train,tensor([False]),0.726028
C2H6O81Ru40,RuO2,110,alcohols_aldehydes_ketones_ethers,Ethanol,relaxed,-1.7172631,-1.5487876,0.17327261,-1.888402,-1.2091732,True,-0.16847551,train,tensor([False]),-0.9723147
C2H6Ir40O81,IrO2,110,alcohols_aldehydes_ketones_ethers,Ethanol,relaxed,-1.4896246,-1.3066111,0.23021509,-1.7578326,-0.8553895,True,-0.18301356,train,tensor([False]),-0.7949677
C2H4O80Ru40S,RuO2,110,thiols_thials_thioketones_thioethers,Ethanethial,relaxed,-1.3995557,-1.4021846,0.21817829,-1.8298141,-0.97455513,True,0.0026289225,train,tensor([False]),0.012049423
C2H4Ir40O80,IrO2,110,alkanes_alkenes_alkynes,Ethene,relaxed,-2.3703399,-2.3078065,0.30882826,-2.9131098,-1.7025031,True,-0.06253338,train,tensor([False]),-0.20248593
C3H9Ir40NO80,IrO2,110,amines,Propan-2-amine,relaxed,-0.48786825,-0.46085453,0.1262041,-0.7082146,-0.21349448,True,-0.02701372,train,tensor([False]),-0.21404786
C3H6Ir40O80,IrO2,110,alkanes_alkenes_alkynes,Propylene,relaxed,-1.2761489,-1.4586012,0.2920597,-2.0310383,-0.88616425,True,0.18245232,train,tensor([False]),0.624709
C2H2O80Ru40,RuO2,110,alkanes_alkenes_alkynes,Acetylene,relaxed,-1.2030253,-1.1342108,0.14098364,-1.4105388,-0.85788286,True,-0.068814516,train,tensor([False]),-0.48810285
C2H6Ir40O80S,IrO2,110,thiols_thials_thioketones_thioethers,Ethanethiol,relaxed,-0.2424034,-0.40793335,0.14124827,-0.68478,-0.13108674,True,0.16552995,train,tensor([False]),1.1719078
CH4O80Ru40,RuO2,110,alkanes_alkenes_alkynes,Methane,relaxed,-0.41088358,-0.4729131,0.11481925,-0.6979588,-0.24786735,True,0.06202951,train,tensor([False]),0.5402362
CH3NO82Ru40,RuO2,110,carbamate-esters,Carbamic-acid,relaxed,-1.6625017,-1.7321951,0.10129691,-1.930737,-1.5336533,True,0.069693446,train,tensor([False]),0.6880116
C3H7NO80Ru40,RuO2,110,imines,Propan-2-imine,relaxed,-2.0472496,-2.028779,0.10905393,-2.2425246,-1.8150333,True,-0.018470526,train,tensor([False]),-0.16937056
C2H4Ir40O81,IrO2,110,alcohols_aldehydes_ketones_ethers,Acetaldehyde,relaxed,-1.8185169,-1.7452596,0.23870775,-2.213127,-1.2773924,True,-0.07325721,train,tensor([False]),-0.3068908
C3H8O80Ru40,RuO2,110,alkanes_alkenes_alkynes,Propane,relaxed,-0.73472905,-0.543773,0.12881641,-0.7962532,-0.29129282,True,-0.19095606,train,tensor([False]),-1.4823892
C2H4O80Ru40,RuO2,110,alkanes_alkenes_alkynes,Ethene,relaxed,-1.0869702,-1.0909351,0.12481774,-1.3355778,-0.8462924,True,0.003964901,train,tensor([False]),0.031765524
CH4Ir40N2O80,IrO2,110,amidines,Formimidamide,relaxed,-2.9725022,-2.7916126,0.15047213,-3.086538,-2.4966872,True,-0.1808896,train,tensor([False]),-1.2021469
C2H6Ir40O80,IrO2,110,alkanes_alkenes_alkynes,Ethane,relaxed,-0.9778366,-0.99354887,0.2688139,-1.5204241,-0.4666736,True,0.015712261,train,tensor([False]),0.05845033
C2H6O81Ru40,RuO2,110,alcohols_aldehydes_ketones_ethers,Methoxymethane,relaxed,-0.30626827,-0.30079782,0.062139843,-0.42259192,-0.17900372,True,-0.0054704547,train,tensor([False]),-0.08803458
C3H9Ir40NO80,IrO2,110,amines,Propan-2-amine,relaxed,-2.9085112,-2.7823849,0.17640166,-3.128132,-2.4366376,True,-0.12612629,train,tensor([False]),-0.7149949
C2H7Ir40NO80,IrO2,110,amines,Ethanamine,relaxed,-0.37686828,-0.3914727,0.1148112,-0.61650264,-0.16644275,True,0.0146044195,train,tensor([False]),0.12720379
CH5NO80Ru40,RuO2,110,amines,Methanamine,relaxed,-2.0584264,-1.954765,0.11395171,-2.1781104,-1.7314196,True,-0.10366142,train,tensor([False]),-0.909696
C3H8O80Ru40S,RuO2,110,thiols_thials_thioketones_thioethers,Propane-2-thiol,relaxed,-0.34276518,-0.33659577,0.04534909,-0.42548,-0.24771155,True,-0.0061694086,train,tensor([False]),-0.13604261
C3H9NO80Ru40,RuO2,110,amines,Propan-2-amine,relaxed,-1.8988724,-2.1217062,0.100535765,-2.3187563,-1.9246562,False,0.22283387,train,tensor([False]),2.2164636
C2H6O80Ru40,RuO2,110,alkanes_alkenes_alkynes,Ethane,relaxed,-0.5323403,-0.5666228,0.12377123,-0.8092144,-0.32403117,True,0.034282506,train,tensor([False]),0.27698284
CH3NO81Ru40,RuO2,110,amides,Formamide,relaxed,-1.6291783,-1.5097004,0.12814023,-1.7608552,-1.2585456,True,-0.11947787,train,tensor([False]),-0.9323994
CH4Ir40O80,IrO2,110,alkanes_alkenes_alkynes,Methane,relaxed,-0.7326229,-0.66579956,0.2867784,-1.2278852,-0.10371393,True,-0.06682336,train,tensor([False]),-0.23301394
CH3NO81Ru40,RuO2,110,oximes,Formaldoxime,relaxed,-2.2565641,-2.3753867,0.17592475,-2.720199,-2.0305743,True,0.118822575,train,tensor([True]),0.67541707
CH3NO82Ru40,RuO2,110,carbamate-esters,Carbamic-acid,relaxed,-0.52615136,-0.49229455,0.0434352,-0.57742757,-0.40716156,True,-0.03385681,train,tensor([False]),-0.7794786
CH4O80Ru40,RuO2,110,alkanes_alkenes_alkynes,Methane,relaxed,-0.46182874,-0.4446031,0.1108661,-0.66190064,-0.22730553,True,-0.017225653,train,tensor([False]),-0.15537348
C3H7Ir40NO80,IrO2,110,imines,Propan-2-imine,relaxed,-2.8304207,-2.813272,0.16384134,-3.134401,-2.492143,True,-0.017148733,train,tensor([False]),-0.10466671
C3H9NO80Ru40,RuO2,110,amines,Trimethylamine,relaxed,-0.3645103,-0.4175619,0.0573701,-0.5300073,-0.30511647,True,0.05305159,train,tensor([False]),0.9247254
C2H4Ir40O81,IrO2,110,alcohols_aldehydes_ketones_ethers,Acetaldehyde,relaxed,-0.6961441,-0.80840105,0.25381163,-1.3058718,-0.31093025,True,0.112256944,train,tensor([False]),0.4422845
C2H5NO80Ru40,RuO2,110,imines,N-methylmethanimine,relaxed,-1.9221456,-1.8924267,0.13862489,-2.1641316,-1.6207219,True,-0.029718876,train,tensor([False]),-0.21438341
C2H5NO81Ru40,RuO2,110,amides,Acetamide,relaxed,-1.5593495,-1.6108849,0.15076724,-1.9063888,-1.315381,True,0.051535368,train,tensor([False]),0.34182075
C3H6Ir40O81,IrO2,110,alcohols_aldehydes_ketones_ethers,Propan-2-one,relaxed,-0.4055743,-0.2773496,0.30047685,-0.86628425,0.31158507,True,-0.1282247,train,tensor([False]),-0.42673737
CH2Ir40O82,IrO2,110,carbonates_carboxylic-acids_esters,Formic-acid,relaxed,-1.5694237,-1.5906295,0.22610556,-2.0337963,-1.1474626,True,0.021205783,train,tensor([False]),0.0937871
CH4N2O80Ru40,RuO2,110,amidines,Formimidamide,relaxed,-0.39533588,-0.37912333,0.0376427,-0.45290303,-0.30534363,True,-0.016212553,train,tensor([False]),-0.4306958
CH3NO82Ru40,RuO2,110,carbamate-esters,Carbamic-acid,relaxed,-1.8683699,-1.90557,0.16258451,-2.2242358,-1.5869044,True,0.037200093,train,tensor([True]),0.22880465
C2H6O80Ru40S,RuO2,110,thiols_thials_thioketones_thioethers,Dimethylsulfane,relaxed,-0.166147,-0.65901774,0.31324357,-1.2729752,-0.045060337,True,0.49287075,train,tensor([False]),1.5734425
C2H6Ir40O81,IrO2,110,alcohols_aldehydes_ketones_ethers,Ethanol,relaxed,-1.5120214,-1.3205634,0.24342029,-1.7976673,-0.84345967,True,-0.19145799,train,tensor([False]),-0.7865326
CH2O82Ru40,RuO2,110,carbonates_carboxylic-acids_esters,Formic-acid,relaxed,-2.4805303,-2.1960924,0.20604965,-2.5999496,-1.792235,True,-0.2844379,train,tensor([True]),-1.3804338
C3H8O81Ru40,RuO2,110,alcohols_aldehydes_ketones_ethers,Propan-2-ol,relaxed,-1.722174,-1.6797682,0.14373194,-1.9614828,-1.3980536,True,-0.042405844,train,tensor([False]),-0.29503426
C3H8Ir40O81,IrO2,110,alcohols_aldehydes_ketones_ethers,Propan-2-ol,relaxed,-1.4747647,-1.1339407,0.2642908,-1.6519507,-0.6159307,True,-0.340824,train,tensor([False]),-1.2895795
C3H6O80Ru40S,RuO2,110,thiols_thials_thioketones_thioethers,Propane-2-thione,relaxed,-0.20567954,-0.4298885,0.22420375,-0.86932784,0.009550869,True,0.22420895,train,tensor([False]),1.0000232
C3H7NO80Ru40,RuO2,110,imines,Propan-2-imine,relaxed,-1.9220315,-1.9972299,0.106655836,-2.2062755,-1.7881845,True,0.07519841,train,tensor([False]),0.7050567
CH2Ir40O81,IrO2,110,alcohols_aldehydes_ketones_ethers,Formaldehyde,relaxed,-0.2359695,-0.27116716,0.16280219,-0.59025943,0.047925144,True,0.03519766,train,tensor([False]),0.21619894
CH2O83Ru40,RuO2,110,carbonates_carboxylic-acids_esters,Carbonic-acid,relaxed,-0.56342936,-0.5189648,0.058270387,-0.6331748,-0.40475488,True,-0.04446453,train,tensor([False]),-0.7630725
C3H8O80Ru40,RuO2,110,alkanes_alkenes_alkynes,Propane,relaxed,-0.72903347,-0.6071427,0.09944472,-0.80205435,-0.41223103,True,-0.12189078,train,tensor([False]),-1.225714
CH3Ir40NO81,IrO2,110,oximes,Formaldoxime,relaxed,-1.4912084,-1.0788642,0.2894793,-1.6462436,-0.5114848,True,-0.41234422,train,tensor([False]),-1.4244343
C2H6O81Ru40,RuO2,110,alcohols_aldehydes_ketones_ethers,Methoxymethane,relaxed,-0.2945501,-0.38529384,0.18062186,-0.7393127,-0.031274974,True,0.09074375,train,tensor([False]),0.5023963
C2H5NO81Ru40,RuO2,110,amides,Acetamide,relaxed,-1.692972,-1.689419,0.11061566,-1.9062257,-1.4726124,True,-0.0035529137,train,tensor([False]),-0.032119446
C2H6O81Ru40,RuO2,110,alcohols_aldehydes_ketones_ethers,Methoxymethane,relaxed,-0.63318497,-0.5797766,0.072473,-0.7218237,-0.4377295,True,-0.053408384,train,tensor([False]),-0.7369419
C3H6Ir40O80,IrO2,110,alkanes_alkenes_alkynes,Propylene,relaxed,-0.2600112,-0.30379665,0.22956955,-0.75375295,0.14615968,True,0.043785453,train,tensor([False]),0.19072849
C3H6O81Ru40,RuO2,110,alcohols_aldehydes_ketones_ethers,Propan-2-one,relaxed,-0.26015067,-0.30960166,0.07134289,-0.44943374,-0.16976959,True,0.049450994,train,tensor([False]),0.69314533
CH2O80Ru40S,RuO2,110,thiols_thials_thioketones_thioethers,Methanethial,relaxed,-0.834536,-1.4851979,0.24250536,-1.9605083,-1.0098875,False,0.6506619,train,tensor([False]),2.6830826
C3H7NO80Ru40,RuO2,110,imines,Propan-2-imine,relaxed,-1.9818201,-2.0339055,0.10580638,-2.241286,-1.826525,True,0.0520854,train,tensor([False]),0.4922709
C3H4Ir40O80,IrO2,110,alkanes_alkenes_alkynes,Prop-1-yne,relaxed,-0.1545284,-0.29389477,0.24574792,-0.77556074,0.18777117,True,0.13936637,train,tensor([False]),0.5671111
C2H4Ir40O82,IrO2,110,carbonates_carboxylic-acids_esters,Acetic-acid,relaxed,-1.7461878,-1.9072841,0.22159564,-2.3416116,-1.4729567,True,0.16109633,train,tensor([False]),0.7269833
C2H4O81Ru40,RuO2,110,alcohols_aldehydes_ketones_ethers,Acetaldehyde,relaxed,-1.2852226,-1.4579747,0.1740907,-1.7991924,-1.1167569,True,0.17275202,train,tensor([False]),0.99231046
C3H6Ir40O80,IrO2,110,alkanes_alkenes_alkynes,Propylene,relaxed,-2.2121332,-2.102174,0.24043389,-2.5734243,-1.6309236,True,-0.109959126,train,tensor([False]),-0.45733622
C2H6Ir40N2O80,IrO2,110,amidines,Acetimidamide,relaxed,-2.4582784,-2.4790728,0.19471599,-2.860716,-2.0974295,True,0.020794392,train,tensor([False]),0.10679345
C2H5Ir40NO80,IrO2,110,imines,Ethanimine,relaxed,-0.10763506,-0.6544009,0.23963939,-1.1240941,-0.18470767,False,0.5467658,train,tensor([False]),2.281619
C2H4Ir40O81,IrO2,110,alcohols_aldehydes_ketones_ethers,Acetaldehyde,relaxed,-1.2258381,-1.2768643,0.26121384,-1.7888434,-0.7648851,True,0.051026225,train,tensor([False]),0.19534273
C3H6Ir40O81,IrO2,110,alcohols_aldehydes_ketones_ethers,Propan-2-one,relaxed,-2.0159335,-1.7071738,0.27660203,-2.2493138,-1.1650338,True,-0.3087597,train,tensor([False]),-1.1162597
C3H4Ir40O80,IrO2,110,alkanes_alkenes_alkynes,Prop-1-yne,relaxed,-1.9528359,-2.0171156,0.23241921,-2.4726572,-1.561574,True,0.064279675,train,tensor([False]),0.27656782
C2H6O80Ru40S,RuO2,110,thiols_thials_thioketones_thioethers,Ethanethiol,relaxed,-1.6305579,-1.70716,0.13824487,-1.97812,-1.4362,True,0.0766021,train,tensor([False]),0.5541045
CH5NO80Ru40,RuO2,110,amines,Methanamine,relaxed,-0.7598352,-0.75166434,0.1015436,-0.9506898,-0.5526389,True,-0.008170843,train,tensor([False]),-0.08046635
C2H2O80Ru40,RuO2,110,alkanes_alkenes_alkynes,Acetylene,relaxed,-1.2053969,-1.352019,0.17995015,-1.7047212,-0.9993167,True,0.14662206,train,tensor([False]),0.8147927
CH4Ir40N2O80,IrO2,110,amidines,Formimidamide,relaxed,-4.369982,-4.4281964,0.076765165,-4.578656,-4.2777367,True,0.058214664,train,tensor([True]),0.7583474
CH5Ir40NO80,IrO2,110,amines,Methanamine,relaxed,-0.1974054,-0.3720336,0.17718765,-0.71932137,-0.024745792,True,0.1746282,train,tensor([False]),0.9855551
CH3Ir40NO80,IrO2,110,imines,Methanimine,relaxed,-2.765001,-2.7295127,0.1559599,-3.0351942,-2.4238312,True,-0.035488367,train,tensor([False]),-0.22754802
C3H6Ir40O80S,IrO2,110,thiols_thials_thioketones_thioethers,Propane-2-thione,relaxed,-0.32101828,-0.9251093,0.33049238,-1.5728744,-0.27734423,True,0.60409105,train,tensor([False]),1.8278517
C3H7Ir40NO80,IrO2,110,imines,Propan-2-imine,relaxed,-2.8086011,-2.6566513,0.19173735,-3.0324564,-2.280846,True,-0.15194988,train,tensor([False]),-0.7924897
C2H5NO80Ru40,RuO2,110,imines,Ethanimine,relaxed,-1.9186039,-1.9748983,0.11331331,-2.1969924,-1.7528043,True,0.05629444,train,tensor([False]),0.49680343
CH2O82Ru40,RuO2,110,carbonates_carboxylic-acids_esters,Formic-acid,relaxed,-1.2037108,-1.2429736,0.14288948,-1.523037,-0.9629102,True,0.03926277,train,tensor([False]),0.2747772
C3H9Ir40NO80,IrO2,110,amines,Propan-2-amine,relaxed,-2.681627,-2.7576418,0.16771051,-3.0863545,-2.428929,True,0.07601476,train,tensor([False]),0.4532498
C2H7NO80Ru40,RuO2,110,amines,Ethanamine,relaxed,-2.1033635,-1.9439485,0.10316488,-2.1461518,-1.7417454,True,-0.159415,train,tensor([False]),-1.5452449
C3H8O80Ru40S,RuO2,110,thiols_thials_thioketones_thioethers,Propane-2-thiol,relaxed,-0.5691189,-0.38785625,0.09996832,-0.5837942,-0.19191833,True,-0.18126267,train,tensor([False]),-1.8132011
C3H8O80Ru40,RuO2,110,alkanes_alkenes_alkynes,Propane,relaxed,-0.6417942,-0.69574773,0.17556809,-1.0398612,-0.35163426,True,0.05395353,train,tensor([False]),0.3073083
C2H6Ir40O81,IrO2,110,alcohols_aldehydes_ketones_ethers,Methoxymethane,relaxed,-1.6999273,-1.5929269,0.23849982,-2.0603864,-1.1254672,True,-0.10700047,train,tensor([False]),-0.44863963
C2H5Ir40NO81,IrO2,110,amides,Acetamide,relaxed,-2.6905153,-2.854353,0.15328564,-3.1547928,-2.553913,True,0.16383767,train,tensor([False]),1.0688391
C2H6Ir40O81,IrO2,110,alcohols_aldehydes_ketones_ethers,Methoxymethane,relaxed,-1.0534009,-0.58363736,0.18025152,-0.93693036,-0.23034436,False,-0.46976352,train,tensor([False]),-2.6061556
CH2Ir40O83,IrO2,110,carbonates_carboxylic-acids_esters,Carbonic-acid,relaxed,-1.1927516,-1.2341092,0.20999052,-1.6456906,-0.82252777,True,0.041357517,train,tensor([False]),0.19694945
C2H6N2O80Ru40,RuO2,110,amidines,Acetimidamide,relaxed,-2.2155643,-2.2046542,0.0973846,-2.395528,-2.0137804,True,-0.010910034,train,tensor([False]),-0.11203038
C3H8Ir40O80,IrO2,110,alkanes_alkenes_alkynes,Propane,relaxed,-0.22859088,-0.82004434,0.26155552,-1.3326931,-0.30739552,False,0.59145343,train,tensor([False]),2.261292
CH2Ir40O83,IrO2,110,carbonates_carboxylic-acids_esters,Carbonic-acid,relaxed,-1.0674099,-1.7800363,0.23669784,-2.2439642,-1.3161086,False,0.71262646,train,tensor([False]),3.0107012
C2H6Ir40O80S,IrO2,110,thiols_thials_thioketones_thioethers,Ethanethiol,relaxed,-3.136913,-3.3050961,0.17874472,-3.6554358,-2.9547565,True,0.16818309,train,tensor([True]),0.9409122
C2H5Ir40NO81,IrO2,110,amides,Acetamide,relaxed,-2.11526,-1.9254764,0.20305224,-2.323459,-1.5274941,True,-0.18978345,train,tensor([False]),-0.93465334
C2H2Ir40O80,IrO2,110,alkanes_alkenes_alkynes,Acetylene,relaxed,-2.0210268,-1.8792069,0.24275228,-2.3550014,-1.4034123,True,-0.14181995,train,tensor([False]),-0.5842168
CH3NO82Ru40,RuO2,110,carbamate-esters,Carbamic-acid,relaxed,-2.45996,-2.422659,0.13607796,-2.6893716,-2.1559463,True,-0.037301064,train,tensor([True]),-0.2741154
CH4Ir40N2O80,IrO2,110,amidines,Formimidamide,relaxed,-3.237052,-3.3261752,0.10100726,-3.5241494,-3.128201,True,0.08912325,train,tensor([False]),0.88234496
C2H6N2O80Ru40,RuO2,110,amidines,Acetimidamide,relaxed,-2.4958014,-2.4750051,0.08149703,-2.6347394,-2.315271,True,-0.020796299,train,tensor([False]),-0.25517863
C2H6Ir40O81,IrO2,110,alcohols_aldehydes_ketones_ethers,Ethanol,relaxed,-2.4760804,-2.9562235,0.22302954,-3.3933613,-2.5190856,False,0.48014307,train,tensor([True]),2.1528227
CH3Ir40NO80,IrO2,110,imines,Methanimine,relaxed,-0.5223362,-0.5739054,0.2068891,-0.979408,-0.16840279,True,0.051569223,train,tensor([False]),0.24926023
CH4O80Ru40,RuO2,110,alkanes_alkenes_alkynes,Methane,relaxed,-0.3046093,-0.47004122,0.12062543,-0.70646703,-0.23361537,True,0.16543192,train,tensor([False]),1.3714514
C2H4Ir40O80S,IrO2,110,thiols_thials_thioketones_thioethers,Ethanethial,relaxed,-0.42198026,-0.36801696,0.3920656,-1.1364655,0.40043163,True,-0.053963304,train,tensor([False]),-0.13763845
C2H6Ir40O80S,IrO2,110,thiols_thials_thioketones_thioethers,Dimethylsulfane,relaxed,-0.528532,-0.45769423,0.33488613,-1.1140711,0.1986826,True,-0.070837796,train,tensor([False]),-0.211528
C2H7Ir40NO80,IrO2,110,amines,Ethanamine,relaxed,-0.3384558,-0.46954298,0.16836868,-0.79954565,-0.13954034,True,0.13108718,train,tensor([False]),0.77857226
C3H6Ir40O80,IrO2,110,alkanes_alkenes_alkynes,Propylene,relaxed,-2.1267092,-2.102174,0.24043389,-2.5734243,-1.6309236,True,-0.02453518,train,tensor([False]),-0.10204543
C2H5NO80Ru40,RuO2,110,imines,Ethanimine,relaxed,-1.9168096,-1.9375024,0.14030357,-2.2124975,-1.6625074,True,0.020692825,train,tensor([False]),0.14748609
C2H6Ir40O80S,IrO2,110,thiols_thials_thioketones_thioethers,Dimethylsulfane,relaxed,-2.5520663,-2.534426,0.2029929,-2.932292,-2.13656,True,-0.017640352,train,tensor([False]),-0.08690133
CH4O81Ru40,RuO2,110,alcohols_aldehydes_ketones_ethers,Methanol,relaxed,-0.38032767,-0.3638612,0.1069905,-0.5735626,-0.15415981,True,-0.016466469,train,tensor([False]),-0.1539059
C3H8O80Ru40S,RuO2,110,thiols_thials_thioketones_thioethers,Propane-2-thiol,relaxed,-1.7551279,-1.6328608,0.13983901,-1.9069452,-1.3587763,True,-0.12226713,train,tensor([False]),-0.8743421
C2H6O81Ru40,RuO2,110,alcohols_aldehydes_ketones_ethers,Methoxymethane,relaxed,-1.2960935,-1.2912636,0.17751168,-1.6391865,-0.94334066,True,-0.0048298836,train,tensor([False]),-0.027208822
CH2O82Ru40,RuO2,110,carbonates_carboxylic-acids_esters,Formic-acid,relaxed,-1.2781136,-1.3489698,0.12781952,-1.5994961,-1.0984435,True,0.07085621,train,tensor([False]),0.5543458
C3H9NO80Ru40,RuO2,110,amines,Propan-2-amine,relaxed,-0.40725353,-0.48120338,0.13976169,-0.75513625,-0.20727047,True,0.07394984,train,tensor([False]),0.5291138
C2H5Ir40NO81,IrO2,110,amides,Acetamide,relaxed,-0.42302877,-0.7827206,0.21200764,-1.1982555,-0.36718565,True,0.35969186,train,tensor([False]),1.6965985
C3H6Ir40O81,IrO2,110,alcohols_aldehydes_ketones_ethers,Propan-2-one,relaxed,-1.5034237,-1.7773709,0.23141852,-2.2309513,-1.3237906,True,0.27394724,train,tensor([False]),1.183774
C2H6Ir40O81,IrO2,110,alcohols_aldehydes_ketones_ethers,Methoxymethane,relaxed,-1.4508537,-1.592927,0.23849985,-2.0603867,-1.1254673,True,0.14207327,train,tensor([False]),0.59569544
CH3Ir40NO81,IrO2,110,oximes,Formaldoxime,relaxed,-0.4372934,-0.4480443,0.18383265,-0.8083563,-0.087732315,True,0.01075089,train,tensor([False]),0.05848194
C2H7Ir40NO80,IrO2,110,amines,Ethanamine,relaxed,-2.8311126,-2.735454,0.15544626,-3.0401287,-2.4307795,True,-0.09565854,train,tensor([False]),-0.6153801
C2H5Ir40NO80,IrO2,110,imines,N-methylmethanimine,relaxed,-2.6806328,-2.630816,0.18589212,-2.9951646,-2.2664673,True,-0.049816847,train,tensor([False]),-0.26798794
C2H5NO80Ru40,RuO2,110,imines,Ethanimine,relaxed,-0.31749567,-0.3141569,0.060394533,-0.43253016,-0.1957836,True,-0.003338784,train,tensor([False]),-0.055282883
C3H9Ir40NO80,IrO2,110,amines,Propan-2-amine,relaxed,-0.47413638,-0.3941027,0.08223846,-0.5552901,-0.23291531,True,-0.08003369,train,tensor([False]),-0.97319055
C2H6O80Ru40S,RuO2,110,thiols_thials_thioketones_thioethers,Ethanethiol,relaxed,-0.7372099,-0.69227195,0.07978805,-0.84865654,-0.53588736,True,-0.04493797,train,tensor([False]),-0.56321675
C2H4Ir40O81,IrO2,110,alcohols_aldehydes_ketones_ethers,Acetaldehyde,relaxed,-3.1487274,-3.1097937,0.25946072,-3.6183367,-2.6012506,True,-0.038933754,train,tensor([True]),-0.15005645
C2H6O81Ru40,RuO2,110,alcohols_aldehydes_ketones_ethers,Ethanol,relaxed,-1.626952,-1.7146097,0.1280304,-1.9655493,-1.4636701,True,0.08765769,train,tensor([False]),0.68466306
CH4Ir40O80S,IrO2,110,thiols_thials_thioketones_thioethers,Methanethiol,relaxed,-3.0700388,-3.2698483,0.19711065,-3.6561852,-2.8835115,True,0.19980955,train,tensor([True]),1.0136923
CH4Ir40O81,IrO2,110,alcohols_aldehydes_ketones_ethers,Methanol,relaxed,-1.8518342,-1.7721485,0.2379328,-2.2384968,-1.3058002,True,-0.07968569,train,tensor([False]),-0.33490837
C2H6O81Ru40,RuO2,110,alcohols_aldehydes_ketones_ethers,Ethanol,relaxed,-0.6903308,-0.7395496,0.10604546,-0.94739866,-0.5317005,True,0.049218774,train,tensor([False]),0.464129
CH3NO81Ru40,RuO2,110,oximes,Formaldoxime,relaxed,-1.7681602,-1.7760484,0.1410654,-2.0525365,-1.4995602,True,0.007888198,train,tensor([False]),0.055918727
CH4O80Ru40,RuO2,110,alkanes_alkenes_alkynes,Methane,relaxed,-0.47293362,-0.4248296,0.12286968,-0.6656542,-0.18400502,True,-0.048104018,train,tensor([False]),-0.39150438
C2H4Ir40O82,IrO2,110,carbonates_carboxylic-acids_esters,Acetic-acid,relaxed,-2.405078,-2.5721498,0.24008031,-3.0427072,-2.1015923,True,0.16707182,train,tensor([True]),0.6958997
C2H6O81Ru40,RuO2,110,alcohols_aldehydes_ketones_ethers,Methoxymethane,relaxed,-0.4249491,-0.58522135,0.081421055,-0.74480665,-0.42563608,False,0.16027224,train,tensor([False]),1.9684373
C3H4O80Ru40,RuO2,110,alkanes_alkenes_alkynes,Prop-1-yne,relaxed,-0.29978684,-0.26488626,0.124471456,-0.50885034,-0.020922199,True,-0.034900576,train,tensor([False]),-0.2803902
CH2Ir40O80S,IrO2,110,thiols_thials_thioketones_thioethers,Methanethial,relaxed,-2.5225194,-2.4956975,0.19860701,-2.8849673,-2.1064277,True,-0.026821852,train,tensor([False]),-0.13504988
C2H4O80Ru40,RuO2,110,alkanes_alkenes_alkynes,Ethene,relaxed,-0.13535583,-0.2319355,0.15162602,-0.5291225,0.0652515,True,0.09657967,train,tensor([False]),0.63695973
C2H5Ir40NO80,IrO2,110,imines,Ethanimine,relaxed,-0.79863036,-0.65440077,0.23963939,-1.124094,-0.18470755,True,-0.14422959,train,tensor([False]),-0.60186094
C3H8Ir40O80,IrO2,110,alkanes_alkenes_alkynes,Propane,relaxed,-0.17648304,-0.32269597,0.20984854,-0.73399913,0.08860716,True,0.14621294,train,tensor([False]),0.69675463
C2H4Ir40O80S,IrO2,110,thiols_thials_thioketones_thioethers,Ethanethial,relaxed,-2.08325,-2.1882572,0.25029626,-2.6788378,-1.6976765,True,0.10500717,train,tensor([False]),0.41953152
CH2O83Ru40,RuO2,110,carbonates_carboxylic-acids_esters,Carbonic-acid,relaxed,-1.8369945,-1.5575248,0.28223628,-2.110708,-1.0043416,True,-0.27946973,train,tensor([True]),-0.9901978
C3H4O80Ru40,RuO2,110,alkanes_alkenes_alkynes,Prop-1-yne,relaxed,-1.5249938,-1.8424754,0.39339995,-2.6135392,-1.0714115,True,0.31748164,train,tensor([True]),0.80702
C3H6Ir40O80S,IrO2,110,thiols_thials_thioketones_thioethers,Propane-2-thione,relaxed,-2.961699,-2.598269,0.2805218,-3.1480918,-2.0484462,True,-0.36343002,train,tensor([False]),-1.29555
C3H7Ir40NO80,IrO2,110,imines,Propan-2-imine,relaxed,-0.02868662,-0.39782774,0.37980303,-1.1422417,0.34658623,True,0.36914113,train,tensor([False]),0.9719278
CH3Ir40NO82,IrO2,110,carbamate-esters,Carbamic-acid,relaxed,-0.48908833,-0.51017153,0.07893673,-0.66488755,-0.35545552,True,0.021083206,train,tensor([False]),0.26708993
CH2O80Ru40S,RuO2,110,thiols_thials_thioketones_thioethers,Methanethial,relaxed,-1.7424982,-1.6349313,0.18480587,-1.9971509,-1.2727118,True,-0.10756683,train,tensor([False]),-0.5820531
CH2Ir40O81,IrO2,110,alcohols_aldehydes_ketones_ethers,Formaldehyde,relaxed,-0.25796923,-0.38680363,0.45296606,-1.2746172,0.5010099,True,0.1288344,train,tensor([False]),0.28442395
C2H6Ir40O80S,IrO2,110,thiols_thials_thioketones_thioethers,Ethanethiol,relaxed,-2.368375,-2.4319038,0.19841053,-2.8207884,-2.0430193,True,0.063528776,train,tensor([False]),0.32018855
C2H4O82Ru40,RuO2,110,carbonates_carboxylic-acids_esters,Acetic-acid,relaxed,-1.3411883,-1.3423126,0.16893767,-1.6734304,-1.0111947,True,0.0011242628,train,tensor([False]),0.0066548972
C2H6Ir40O81,IrO2,110,alcohols_aldehydes_ketones_ethers,Ethanol,relaxed,-0.41116026,-0.53514254,0.43080837,-1.379527,0.3092419,True,0.12398228,train,tensor([False]),0.28778985
C3H8Ir40O80,IrO2,110,alkanes_alkenes_alkynes,Propane,relaxed,-0.4181488,-0.47825748,0.26665723,-1.0009058,0.044390738,True,0.06010869,train,tensor([False]),0.22541557
C2H5Ir40NO81,IrO2,110,amides,Acetamide,relaxed,-3.7250907,-3.6873026,0.16540444,-4.011495,-3.3631098,True,-0.037788153,train,tensor([True]),-0.22845912
CH2Ir40O83,IrO2,110,carbonates_carboxylic-acids_esters,Carbonic-acid,relaxed,-2.6509638,-2.6759858,0.22276731,-3.1126099,-2.2393618,True,0.02502203,train,tensor([True]),0.11232362
C3H9Ir40NO80,IrO2,110,amines,Trimethylamine,relaxed,-0.52469885,-0.49795473,0.09234696,-0.6789548,-0.31695467,True,-0.026744127,train,tensor([False]),-0.28960484
C2H4Ir40O82,IrO2,110,carbonates_carboxylic-acids_esters,Acetic-acid,relaxed,-1.338841,-1.6998543,0.33493644,-2.3563297,-1.0433788,True,0.3610133,train,tensor([False]),1.0778562
CH2Ir40O80S,IrO2,110,thiols_thials_thioketones_thioethers,Methanethial,relaxed,-1.9546603,-2.0731587,0.24529716,-2.5539412,-1.5923762,True,0.118498445,train,tensor([False]),0.4830812
C2H6Ir40O80S,IrO2,110,thiols_thials_thioketones_thioethers,Dimethylsulfane,relaxed,-2.5745344,-2.6077163,0.18641539,-2.9730904,-2.2423422,True,0.033181906,val,tensor([False]),0.17799982
C2H7Ir40NO80,IrO2,110,amines,Ethanamine,relaxed,-2.711072,-2.4311273,0.20684363,-2.8365407,-2.025714,True,-0.27994466,val,tensor([False]),-1.353412
C2H6O80Ru40,RuO2,110,alkanes_alkenes_alkynes,Ethane,relaxed,-0.23423661,-0.272763,0.13214879,-0.53177464,-0.013751388,True,0.0385264,val,tensor([False]),0.29153806
CH5NO80Ru40,RuO2,110,amines,Methanamine,relaxed,-2.015036,-1.9068232,0.10387141,-2.1104112,-1.7032351,True,-0.10821295,val,tensor([False]),-1.0417972
C3H6Ir40O80S,IrO2,110,thiols_thials_thioketones_thioethers,Propane-2-thione,relaxed,-3.2388747,-3.1008308,0.23780389,-3.5669265,-2.634735,True,-0.13804388,val,tensor([True]),-0.58049464
C3H6O80Ru40S,RuO2,110,thiols_thials_thioketones_thioethers,Propane-2-thione,relaxed,-1.8486065,-1.1780256,0.2337085,-1.6360943,-0.71995693,False,-0.67058086,val,tensor([False]),-2.8693047
CH2Ir40O82,IrO2,110,carbonates_carboxylic-acids_esters,Formic-acid,relaxed,-2.387635,-2.4857306,0.24486962,-2.965675,-2.0057862,True,0.098095655,val,tensor([True]),0.40060362
C3H9NO80Ru40,RuO2,110,amines,Propan-2-amine,relaxed,-0.38859606,-0.46685767,0.10054095,-0.66391796,-0.26979738,True,0.078261614,val,tensor([False]),0.77840537
CH3NO81Ru40,RuO2,110,amides,Formamide,relaxed,-1.3570019,-1.4818531,0.10485575,-1.6873704,-1.2763358,True,0.12485123,val,tensor([False]),1.190695
C3H7NO80Ru40,RuO2,110,imines,Propan-2-imine,relaxed,-2.0319412,-1.9600946,0.10684795,-2.1695166,-1.7506726,True,-0.071846604,val,tensor([False]),-0.67241913
CH4Ir40O81,IrO2,110,alcohols_aldehydes_ketones_ethers,Methanol,relaxed,-2.3898268,-2.7191362,0.2774641,-3.262966,-2.1753066,True,0.32930946,val,tensor([True]),1.1868544
CH3Ir40NO82,IrO2,110,carbamate-esters,Carbamic-acid,relaxed,-1.9463277,-2.0718064,0.18574236,-2.4358616,-1.7077514,True,0.12547874,val,tensor([False]),0.67555267
CH4Ir40O80,IrO2,110,alkanes_alkenes_alkynes,Methane,relaxed,-0.7329444,-0.98094606,0.2859749,-1.5414569,-0.42043525,True,0.24800164,val,tensor([False]),0.86721474
C3H8Ir40O80,IrO2,110,alkanes_alkenes_alkynes,Propane,relaxed,-1.1348468,-0.9297944,0.26004174,-1.4394763,-0.42011255,True,-0.20505244,val,tensor([False]),-0.7885366
C2H4O82Ru40,RuO2,110,carbonates_carboxylic-acids_esters,Acetic-acid,relaxed,-1.2417115,-1.3181908,0.14885963,-1.6099557,-1.026426,True,0.076479316,val,tensor([False]),0.513768
CH4O81Ru40,RuO2,110,alcohols_aldehydes_ketones_ethers,Methanol,relaxed,-1.5885156,-1.4629809,0.14889006,-1.7548053,-1.1711564,True,-0.12553477,val,tensor([False]),-0.8431373
CH2Ir40O82,IrO2,110,carbonates_carboxylic-acids_esters,Formic-acid,relaxed,-2.0997453,-2.423324,0.25295502,-2.919116,-1.9275322,True,0.32357883,val,tensor([True]),1.2791952
C2H5Ir40NO80,IrO2,110,imines,N-methylmethanimine,relaxed,-2.6867654,-1.2711731,0.29521492,-1.8497944,-0.69255185,False,-1.4155923,val,tensor([True]),-4.7951245
CH4Ir40O80S,IrO2,110,thiols_thials_thioketones_thioethers,Methanethiol,relaxed,-2.486884,-2.4352632,0.19752385,-2.8224099,-2.0481164,True,-0.05162096,val,tensor([False]),-0.2613404
C3H8Ir40O80,IrO2,110,alkanes_alkenes_alkynes,Propane,relaxed,-1.1366098,-0.8840365,0.29869223,-1.4694732,-0.29859972,True,-0.2525733,val,tensor([False]),-0.8455972
C3H8O80Ru40,RuO2,110,alkanes_alkenes_alkynes,Propane,relaxed,-0.1939761,-0.1666919,0.085794926,-0.33484995,0.001466155,True,-0.027284205,val,tensor([False]),-0.31801653
C3H8Ir40O81,IrO2,110,alcohols_aldehydes_ketones_ethers,Propan-2-ol,relaxed,-2.1629596,-2.0888424,0.20987718,-2.5002017,-1.6774831,True,-0.07411718,val,tensor([False]),-0.3531455
C2H4Ir40O81,IrO2,110,alcohols_aldehydes_ketones_ethers,Acetaldehyde,relaxed,-3.2658553,-3.0783033,0.19484939,-3.4602082,-2.6963985,True,-0.18755198,val,tensor([True]),-0.96254843
C3H8O80Ru40S,RuO2,110,thiols_thials_thioketones_thioethers,Propane-2-thiol,relaxed,-0.3714074,-0.18964577,0.0940422,-0.37396848,-0.0053230524,True,-0.18176162,val,tensor([False]),-1.9327667
C2H6Ir40O80,IrO2,110,alkanes_alkenes_alkynes,Ethane,relaxed,-1.0213536,-1.2605593,0.29530394,-1.839355,-0.6817636,True,0.23920572,val,tensor([False]),0.81003225
CH3NO81Ru40,RuO2,110,oximes,Formaldoxime,relaxed,-1.9807585,-1.8043249,0.11306126,-2.025925,-1.5827248,True,-0.17643368,val,tensor([False]),-1.5605141
C3H8O80Ru40S,RuO2,110,thiols_thials_thioketones_thioethers,Propane-2-thiol,relaxed,-0.52762645,-0.28711653,0.06601195,-0.41649997,-0.1577331,False,-0.24050993,val,tensor([False]),-3.64343
C2H4Ir40O80,IrO2,110,alkanes_alkenes_alkynes,Ethene,relaxed,-2.0499542,-1.645008,0.26264107,-2.1597846,-1.1302314,True,-0.4049462,val,tensor([False]),-1.5418236
C3H6O81Ru40,RuO2,110,alcohols_aldehydes_ketones_ethers,Propan-2-one,relaxed,-0.08462805,-0.39010572,0.18948923,-0.76150465,-0.018706828,True,0.30547768,val,tensor([False]),1.612111
C3H4Ir40O80,IrO2,110,alkanes_alkenes_alkynes,Prop-1-yne,relaxed,-0.6127804,-1.1135471,0.25852013,-1.6202465,-0.60684764,True,0.5007667,val,tensor([False]),1.937051
C3H8O80Ru40S,RuO2,110,thiols_thials_thioketones_thioethers,Propane-2-thiol,relaxed,-2.3588436,-2.280397,0.31200296,-2.8919227,-1.6688712,True,-0.07844663,val,tensor([True]),-0.2514291
C3H9Ir40NO80,IrO2,110,amines,Propan-2-amine,relaxed,-2.8161914,-2.7554429,0.16626702,-3.0813262,-2.4295595,True,-0.060748577,val,tensor([False]),-0.36536756
C3H6O80Ru40S,RuO2,110,thiols_thials_thioketones_thioethers,Propane-2-thione,relaxed,-2.1250196,-1.3610924,0.24319395,-1.8377526,-0.8844323,False,-0.7639271,val,tensor([False]),-3.1412258
C2H6Ir40O80S,IrO2,110,thiols_thials_thioketones_thioethers,Dimethylsulfane,relaxed,-1.309339,-0.5357769,0.22747374,-0.98162544,-0.08992839,False,-0.77356213,val,tensor([False]),-3.4006658
CH3NO82Ru40,RuO2,110,carbamate-esters,Carbamic-acid,relaxed,-1.8519329,-1.9803251,0.11530071,-2.2063146,-1.7543358,True,0.12839222,val,tensor([False]),1.1135423
C3H6O80Ru40,RuO2,110,alkanes_alkenes_alkynes,Propylene,relaxed,-1.3277286,-1.2219028,0.18496488,-1.584434,-0.85937166,True,-0.10582578,val,tensor([False]),-0.57213986
C3H8Ir40O80S,IrO2,110,thiols_thials_thioketones_thioethers,Propane-2-thiol,relaxed,-1.6729064,-1.5070314,0.43269053,-2.355105,-0.65895796,True,-0.16587496,val,tensor([True]),-0.38335702
C2H2Ir40O80,IrO2,110,alkanes_alkenes_alkynes,Acetylene,relaxed,-2.5642412,-2.0349712,0.2428876,-2.511031,-1.5589116,False,-0.52926993,val,tensor([False]),-2.1790736
C2H6O80Ru40,RuO2,110,alkanes_alkenes_alkynes,Ethane,relaxed,-0.48126814,-0.531322,0.12077954,-0.7680499,-0.2945941,True,0.050053865,val,tensor([False]),0.41442338
CH2Ir40O81,IrO2,110,alcohols_aldehydes_ketones_ethers,Formaldehyde,relaxed,-1.5168205,-1.9225819,0.26487005,-2.4417272,-1.4034367,True,0.40576136,val,tensor([False]),1.5319262
C2H6O81Ru40,RuO2,110,alcohols_aldehydes_ketones_ethers,Ethanol,relaxed,-0.3424504,-0.34130573,0.06656441,-0.471772,-0.21083948,True,-0.0011446774,val,tensor([False]),-0.017196538
C3H8O80Ru40S,RuO2,110,thiols_thials_thioketones_thioethers,Propane-2-thiol,relaxed,-1.7734941,-1.6725208,0.110875495,-1.8898368,-1.4552047,True,-0.10097337,val,tensor([False]),-0.9106915
C2H6O80Ru40S,RuO2,110,thiols_thials_thioketones_thioethers,Dimethylsulfane,relaxed,-1.8045261,-1.7926046,0.16942665,-2.1246808,-1.4605284,True,-0.011921525,val,tensor([False]),-0.07036393
C2H7NO80Ru40,RuO2,110,amines,Ethanamine,relaxed,-2.0831358,-1.9008902,0.10687093,-2.1103573,-1.6914232,True,-0.18224561,val,tensor([False]),-1.7052871
C3H8O81Ru40,RuO2,110,alcohols_aldehydes_ketones_ethers,Propan-2-ol,relaxed,-0.4870595,-0.36544394,0.06658551,-0.49595153,-0.23493634,True,-0.12161556,val,tensor([False]),-1.8264568
CH4Ir40O81,IrO2,110,alcohols_aldehydes_ketones_ethers,Methanol,relaxed,-1.2759068,-1.1315666,0.25298613,-1.6274195,-0.6357138,True,-0.14434016,val,tensor([False]),-0.57054573
C3H8O80Ru40S,RuO2,110,thiols_thials_thioketones_thioethers,Propane-2-thiol,relaxed,-1.8146092,-1.6021177,0.116866454,-1.8311759,-1.3730594,True,-0.21249151,val,tensor([False]),-1.8182422
C2H5NO80Ru40,RuO2,110,imines,Ethanimine,relaxed,-0.68181294,-0.67048687,0.12178278,-0.9091811,-0.43179262,True,-0.011326075,val,tensor([False]),-0.09300227
C2H7NO80Ru40,RuO2,110,amines,Ethanamine,relaxed,-0.79394776,-0.9993439,0.1461456,-1.2857893,-0.7128985,True,0.20539612,val,tensor([False]),1.4054211
CH3Ir40NO82,IrO2,110,carbamate-esters,Carbamic-acid,relaxed,-3.436062,-3.4636698,0.1487426,-3.7552052,-3.1721344,True,0.02760768,val,tensor([True]),0.18560708
CH2O83Ru40,RuO2,110,carbonates_carboxylic-acids_esters,Carbonic-acid,relaxed,-0.07488867,-0.5102159,0.14312664,-0.79074407,-0.22968766,False,0.4353272,val,tensor([False]),3.0415525
CH3NO81Ru40,RuO2,110,amides,Formamide,relaxed,-1.6973372,-2.1614306,0.11331041,-2.383519,-1.9393421,False,0.46409345,val,tensor([False]),4.0957704
C3H8Ir40O80S,IrO2,110,thiols_thials_thioketones_thioethers,Propane-2-thiol,relaxed,-0.6451003,-0.64227253,0.20674835,-1.0474993,-0.23704576,True,-0.0028277636,val,tensor([False]),-0.013677321
CH3NO81Ru40,RuO2,110,oximes,Formaldoxime,relaxed,-1.4514278,-0.8156621,0.1338577,-1.0780232,-0.553301,False,-0.63576573,val,tensor([False]),-4.749564
C3H6O81Ru40,RuO2,110,alcohols_aldehydes_ketones_ethers,Propan-2-one,relaxed,-1.0584401,-1.19269,0.14111316,-1.4692718,-0.91610825,True,0.13424993,val,tensor([False]),0.9513636
C2H5NO81Ru40,RuO2,110,amides,Acetamide,relaxed,-1.7155645,-1.532326,0.12593627,-1.7791611,-1.2854909,True,-0.1832385,val,tensor([False]),-1.4550098
C3H8Ir40O81,IrO2,110,alcohols_aldehydes_ketones_ethers,Propan-2-ol,relaxed,-1.2317934,-1.0743219,0.23148721,-1.5280368,-0.6206069,True,-0.15747154,val,tensor([False]),-0.6802602
C3H8Ir40O80S,IrO2,110,thiols_thials_thioketones_thioethers,Propane-2-thiol,relaxed,-0.51909053,-0.71531624,0.22027774,-1.1470606,-0.28357184,True,0.1962257,val,tensor([False]),0.8908104
C3H8O81Ru40,RuO2,110,alcohols_aldehydes_ketones_ethers,Propan-2-ol,relaxed,-0.9194198,-0.53206253,0.15396583,-0.8338356,-0.23028949,False,-0.3873573,val,tensor([False]),-2.5158653
C3H6Ir40O80S,IrO2,110,thiols_thials_thioketones_thioethers,Propane-2-thione,relaxed,-0.36213627,-0.7714446,0.26623413,-1.2932634,-0.24962574,True,0.40930834,val,tensor([False]),1.5374
CH2Ir40O83,IrO2,110,carbonates_carboxylic-acids_esters,Carbonic-acid,relaxed,-1.2184308,-1.2406087,0.21652177,-1.6649914,-0.816226,True,0.022177935,val,tensor([False]),0.1024282
CH4O80Ru40S,RuO2,110,thiols_thials_thioketones_thioethers,Methanethiol,relaxed,-0.28641677,-0.2515272,0.08692591,-0.42190197,-0.08115241,True,-0.03488958,val,tensor([False]),-0.40137145
CH4O80Ru40S,RuO2,110,thiols_thials_thioketones_thioethers,Methanethiol,relaxed,-1.4860244,-1.7652804,0.13641548,-2.0326548,-1.497906,False,0.279256,val,tensor([False]),2.0470989
C2H4O80Ru40,RuO2,110,alkanes_alkenes_alkynes,Ethene,relaxed,-1.0898432,-0.31551743,0.1971153,-0.7018634,0.07082859,False,-0.7743257,val,tensor([False]),-3.9282882
C2H6O80Ru40,RuO2,110,alkanes_alkenes_alkynes,Ethane,relaxed,-0.6709398,-0.58225834,0.20772539,-0.98940015,-0.17511657,True,-0.08868146,val,tensor([False]),-0.4269168
CH2Ir40O80S,IrO2,110,thiols_thials_thioketones_thioethers,Methanethial,relaxed,-2.4151309,-0.6028808,0.37250364,-1.3329879,0.12722635,False,-1.8122501,val,tensor([False]),-4.8650537
CH2O83Ru40,RuO2,110,carbonates_carboxylic-acids_esters,Carbonic-acid,relaxed,-2.523143,-1.9430139,0.26218215,-2.456891,-1.4291369,False,-0.58012915,val,tensor([True]),-2.2126951
C2H4O80Ru40S,RuO2,110,thiols_thials_thioketones_thioethers,Ethanethial,relaxed,-0.48616594,-1.0404938,0.3212783,-1.6701994,-0.41078836,True,0.5543279,val,tensor([False]),1.7253823
C3H8O81Ru40,RuO2,110,alcohols_aldehydes_ketones_ethers,Propan-2-ol,relaxed,-0.92352736,-0.75097704,0.09370143,-0.9346318,-0.56732225,True,-0.17255032,val,tensor([False]),-1.8414907
CH3NO81Ru40,RuO2,110,oximes,Formaldoxime,relaxed,-0.48138058,-0.9472221,0.63043386,-2.1828725,0.2884283,True,0.46584153,val,tensor([True]),0.7389221
C3H8Ir40O80S,IrO2,110,thiols_thials_thioketones_thioethers,Propane-2-thiol,relaxed,-0.21161768,-0.34977973,0.2965352,-0.9309887,0.23142928,True,0.13816205,val,tensor([False]),0.46592125
C2H6Ir40O80,IrO2,110,alkanes_alkenes_alkynes,Ethane,relaxed,-0.8394818,-1.2979975,0.25841302,-1.804487,-0.79150796,True,0.4585157,val,tensor([False]),1.7743522
C2H6O80Ru40S,RuO2,110,thiols_thials_thioketones_thioethers,Ethanethiol,relaxed,-1.754012,-1.6081812,0.11821835,-1.8398892,-1.3764733,True,-0.14583075,val,tensor([False]),-1.2335712
C2H4O82Ru40,RuO2,110,carbonates_carboxylic-acids_esters,Acetic-acid,relaxed,-1.4043467,-1.4123828,0.1312119,-1.6695582,-1.1552075,True,0.008036137,val,tensor([False]),0.061245482
C2H6O81Ru40,RuO2,110,alcohols_aldehydes_ketones_ethers,Ethanol,relaxed,-0.9579217,-0.7751682,0.1237713,-1.0177599,-0.53257644,True,-0.1827535,val,tensor([False]),-1.4765418
C3H8O80Ru40,RuO2,110,alkanes_alkenes_alkynes,Propane,relaxed,-0.7412271,-0.55679995,0.1271172,-0.8059497,-0.3076502,True,-0.18442714,val,tensor([False]),-1.4508433
C2H5NO80Ru40,RuO2,110,imines,N-methylmethanimine,relaxed,-1.9109449,-1.9264886,0.117863916,-2.157502,-1.6954753,True,0.015543699,val,tensor([False]),0.13187836
C3H9NO80Ru40,RuO2,110,amines,Trimethylamine,relaxed,-0.7889702,-1.9818313,0.18272488,-2.339972,-1.6236906,False,1.1928611,val,tensor([False]),6.528181
C2H4Ir40O82,IrO2,110,carbonates_carboxylic-acids_esters,Acetic-acid,relaxed,-2.4215274,-2.5721495,0.24008033,-3.042707,-2.101592,True,0.15062213,val,tensor([True]),0.6273822
C3H7Ir40NO80,IrO2,110,imines,Propan-2-imine,relaxed,-2.7376528,-2.7652454,0.17367761,-3.1056535,-2.4248374,True,0.027592659,val,tensor([False]),0.15887286
C3H4O80Ru40,RuO2,110,alkanes_alkenes_alkynes,Prop-1-yne,relaxed,-0.15525238,-0.17630768,0.12783395,-0.4268622,0.07424685,True,0.021055296,val,tensor([False]),0.16470817
CH2Ir40O80S,IrO2,110,thiols_thials_thioketones_thioethers,Methanethial,relaxed,-0.8572229,-2.4019039,0.21618348,-2.8256235,-1.9781842,False,1.544681,val,tensor([False]),7.1452312
C2H5NO80Ru40,RuO2,110,imines,N-methylmethanimine,relaxed,-0.2523933,-0.36097646,0.06704869,-0.49239188,-0.22956102,True,0.10858315,val,tensor([False]),1.6194671
C3H6O81Ru40,RuO2,110,alcohols_aldehydes_ketones_ethers,Propan-2-one,relaxed,-1.4163716,-1.2484701,0.13182682,-1.5068506,-0.99008954,True,-0.16790152,val,tensor([False]),-1.2736522
C2H6Ir40O80S,IrO2,110,thiols_thials_thioketones_thioethers,Dimethylsulfane,relaxed,-0.30412295,-1.5001898,0.30714843,-2.1022007,-0.8981789,False,1.1960669,val,tensor([False]),3.8941004
CH3Ir40NO81,IrO2,110,oximes,Formaldoxime,relaxed,-3.1683762,-3.3758862,0.19829369,-3.7645419,-2.9872305,True,0.20751,val,tensor([True]),1.046478
C3H8Ir40O81,IrO2,110,alcohols_aldehydes_ketones_ethers,Propan-2-ol,relaxed,-2.056259,-2.1102166,0.21386501,-2.529392,-1.6910412,True,0.0539577,val,tensor([False]),0.25229794
C3H6Ir40O81,IrO2,110,alcohols_aldehydes_ketones_ethers,Propan-2-one,relaxed,-1.2221738,-0.5971861,0.2864651,-1.1586578,-0.035714447,False,-0.6249877,val,tensor([False]),-2.1817238
C3H8O80Ru40S,RuO2,110,thiols_thials_thioketones_thioethers,Propane-2-thiol,relaxed,-0.3409893,-0.44251,0.07159463,-0.5828355,-0.30218452,True,0.10152072,val,tensor([False]),1.4179934
C3H8O80Ru40S,RuO2,110,thiols_thials_thioketones_thioethers,Propane-2-thiol,relaxed,-1.7089615,-1.6288218,0.20393634,-2.028537,-1.2291067,True,-0.08013964,val,tensor([False]),-0.39296398
C2H4O82Ru40,RuO2,110,carbonates_carboxylic-acids_esters,Acetic-acid,relaxed,-2.5044348,-2.1959815,0.23183574,-2.6503797,-1.7415835,True,-0.30845332,val,tensor([True]),-1.3304822
CH3Ir40NO81,IrO2,110,oximes,Formaldoxime,relaxed,-2.7819788,-3.0117898,0.20450573,-3.412621,-2.6109586,True,0.22981095,val,tensor([False]),1.1237385
C2H4Ir40O82,IrO2,110,carbonates_carboxylic-acids_esters,Acetic-acid,relaxed,-0.35462096,-0.44208586,0.1468906,-0.72999144,-0.15418029,True,0.0874649,val,tensor([False]),0.5954425
CH3Ir40NO80,IrO2,110,imines,Methanimine,relaxed,-2.1561923,-2.5816174,0.18264578,-2.939603,-2.2236316,False,0.42542505,val,tensor([False]),2.3292356
C2H4O80Ru40S,RuO2,110,thiols_thials_thioketones_thioethers,Ethanethial,relaxed,-1.671883,-1.4916612,0.13353027,-1.7533805,-1.2299418,True,-0.1802218,val,tensor([False]),-1.3496699
C3H9NO80Ru40,RuO2,110,amines,Propan-2-amine,relaxed,-2.1447546,-2.0504174,0.12095445,-2.2874882,-1.8133467,True,-0.094337225,val,tensor([False]),-0.7799401
C2H6O81Ru40,RuO2,110,alcohols_aldehydes_ketones_ethers,Methoxymethane,relaxed,-1.0197909,-0.9371056,0.13274434,-1.1972845,-0.6769267,True,-0.08268529,val,tensor([False]),-0.62289125
CH2Ir40O83,IrO2,110,carbonates_carboxylic-acids_esters,Carbonic-acid,relaxed,-1.9233979,-2.3210683,0.2357745,-2.7831864,-1.8589503,True,0.3976704,val,tensor([True]),1.6866556
CH2O81Ru40,RuO2,110,alcohols_aldehydes_ketones_ethers,Formaldehyde,relaxed,-0.20609812,-0.2508012,0.09711987,-0.44115615,-0.060446262,True,0.04470308,val,tensor([False]),0.46028772
C2H7Ir40NO80,IrO2,110,amines,Ethanamine,relaxed,-2.8022268,-2.7104502,0.15967569,-3.0234146,-2.3974857,True,-0.09177661,val,tensor([False]),-0.57476884
CH4N2O80Ru40,RuO2,110,amidines,Formimidamide,relaxed,-1.511021,-1.6856269,0.12355465,-1.927794,-1.4434597,True,0.17460585,val,tensor([False]),1.4131873
CH3NO82Ru40,RuO2,110,carbamate-esters,Carbamic-acid,relaxed,-2.4302998,-2.420058,0.17371367,-2.760537,-2.079579,True,-0.010241747,val,tensor([True]),-0.058957633
C2H6Ir40O81,IrO2,110,alcohols_aldehydes_ketones_ethers,Methoxymethane,relaxed,-1.2620276,-0.501375,0.22504395,-0.94246113,-0.060288876,False,-0.7606526,val,tensor([False]),-3.380018
C3H4Ir40O80,IrO2,110,alkanes_alkenes_alkynes,Prop-1-yne,relaxed,-1.814888,-1.2855425,0.24852212,-1.7726458,-0.79843915,False,-0.5293455,val,tensor([False]),-2.1299734
C3H4O80Ru40,RuO2,110,alkanes_alkenes_alkynes,Prop-1-yne,relaxed,-0.3093157,-0.5502042,0.11159254,-0.7689256,-0.33148283,False,0.2408885,test,tensor([False]),2.1586435
C3H6O81Ru40,RuO2,110,alcohols_aldehydes_ketones_ethers,Propan-2-one,relaxed,-1.1878296,-1.292383,0.17414972,-1.6337163,-0.9510495,True,0.10455334,test,tensor([False]),0.6003647
C2H4O82Ru40,RuO2,110,carbonates_carboxylic-acids_esters,Acetic-acid,relaxed,-1.3215455,-1.2897378,0.15695034,-1.5973605,-0.98211515,True,-0.03180766,test,tensor([False]),-0.20266066
CH3Ir40NO81,IrO2,110,amides,Formamide,relaxed,-1.8287153,-2.8007689,0.14869623,-3.0922134,-2.5093243,False,0.9720535,test,tensor([False]),6.5371766
C2H5NO81Ru40,RuO2,110,amides,Acetamide,relaxed,-1.6318733,-1.5024021,0.10359912,-1.7054564,-1.2993478,True,-0.12947118,test,tensor([False]),-1.2497324
C2H2O80Ru40,RuO2,110,alkanes_alkenes_alkynes,Acetylene,relaxed,-1.216687,-1.1348956,0.13290271,-1.3953849,-0.8744062,True,-0.0817914,test,tensor([False]),-0.61542314
C2H4O80Ru40S,RuO2,110,thiols_thials_thioketones_thioethers,Ethanethial,relaxed,-1.780264,-1.5738059,0.1378444,-1.843981,-1.3036308,True,-0.20645809,test,tensor([False]),-1.497762
CH3Ir40NO81,IrO2,110,amides,Formamide,relaxed,-3.6278195,-3.6053915,0.16168611,-3.9222963,-3.2884867,True,-0.022428036,test,tensor([True]),-0.13871343
C3H8Ir40O80S,IrO2,110,thiols_thials_thioketones_thioethers,Propane-2-thiol,relaxed,-0.36396322,-2.426875,0.19699465,-2.8129847,-2.0407655,False,2.062912,test,tensor([False]),10.471919
CH2O80Ru40S,RuO2,110,thiols_thials_thioketones_thioethers,Methanethial,relaxed,-1.7693181,-1.6043828,0.14206752,-1.8828351,-1.3259304,True,-0.16493535,test,tensor([False]),-1.1609645
CH4Ir40O80,IrO2,110,alkanes_alkenes_alkynes,Methane,relaxed,-0.11427234,-0.20812297,0.20724596,-0.61432505,0.19807911,True,0.09385063,test,tensor([False]),0.4528466
CH2O81Ru40,RuO2,110,alcohols_aldehydes_ketones_ethers,Formaldehyde,relaxed,-0.18968032,-0.497593,0.08957503,-0.6731601,-0.32202592,False,0.30791265,test,tensor([False]),3.437483
C2H4Ir40O81,IrO2,110,alcohols_aldehydes_ketones_ethers,Acetaldehyde,relaxed,-1.863451,-1.9547101,0.2328336,-2.411064,-1.4983563,True,0.09125912,test,tensor([False]),0.39194998
C3H8O81Ru40,RuO2,110,alcohols_aldehydes_ketones_ethers,Propan-2-ol,relaxed,-0.62325287,-0.7214978,0.118624136,-0.95400107,-0.48899448,True,0.098244905,test,tensor([False]),0.8282033
CH4N2O80Ru40,RuO2,110,amidines,Formimidamide,relaxed,-1.498257,-1.4964323,0.094735466,-1.6821139,-1.3107507,True,-0.0018247366,test,tensor([False]),-0.019261388
C3H8Ir40O81,IrO2,110,alcohols_aldehydes_ketones_ethers,Propan-2-ol,relaxed,-2.390627,-1.7271487,0.25768134,-2.232204,-1.2220932,False,-0.66347826,test,tensor([False]),-2.5748012
CH2O80Ru40S,RuO2,110,thiols_thials_thioketones_thioethers,Methanethial,relaxed,-0.17663084,-0.5829743,0.29898125,-1.1689775,0.0030289292,True,0.40634346,test,tensor([False]),1.3590934
C3H6Ir40O81,IrO2,110,alcohols_aldehydes_ketones_ethers,Propan-2-one,relaxed,-1.7706957,-1.5921022,0.241569,-2.0655775,-1.118627,True,-0.17859352,test,tensor([False]),-0.73930645
C2H5Ir40NO80,IrO2,110,imines,Ethanimine,relaxed,-2.737873,-2.7252805,0.16353032,-3.0458,-2.404761,True,-0.012592554,test,tensor([False]),-0.0770044
C3H8Ir40O80S,IrO2,110,thiols_thials_thioketones_thioethers,Propane-2-thiol,relaxed,-0.3364387,-0.4738286,0.14901672,-0.7659014,-0.18175584,True,0.13738993,test,tensor([False]),0.92197657
C3H4O80Ru40,RuO2,110,alkanes_alkenes_alkynes,Prop-1-yne,relaxed,-0.18160242,-0.27933836,0.117612004,-0.5098579,-0.048818827,True,0.09773594,test,tensor([False]),0.8310031
C2H6O80Ru40S,RuO2,110,thiols_thials_thioketones_thioethers,Ethanethiol,relaxed,-0.32324103,-0.6498308,0.07664331,-0.8000517,-0.49960995,False,0.3265898,test,tensor([False]),4.261165
C3H8O80Ru40S,RuO2,110,thiols_thials_thioketones_thioethers,Propane-2-thiol,relaxed,-1.6405176,-1.770465,0.123203956,-2.0119448,-1.5289853,True,0.12994742,test,tensor([False]),1.0547342
C3H6O80Ru40S,RuO2,110,thiols_thials_thioketones_thioethers,Propane-2-thione,relaxed,-1.7018833,-1.3674684,0.13091779,-1.6240672,-1.1108695,False,-0.33441496,test,tensor([False]),-2.554389
C3H8O81Ru40,RuO2,110,alcohols_aldehydes_ketones_ethers,Propan-2-ol,relaxed,-1.7450719,-1.4137365,0.20387489,-1.8133312,-1.0141417,True,-0.33133543,test,tensor([False]),-1.62519
CH3NO81Ru40,RuO2,110,oximes,Formaldoxime,relaxed,-0.27665544,-0.41501927,0.09125085,-0.59387094,-0.2361676,True,0.13836384,test,tensor([False]),1.5163019
C3H4Ir40O80,IrO2,110,alkanes_alkenes_alkynes,Prop-1-yne,relaxed,-1.8748815,-1.9711165,0.25847918,-2.4777358,-1.4644973,True,0.09623504,test,tensor([False]),0.37231252
C2H5NO80Ru40,RuO2,110,imines,Ethanimine,relaxed,-1.9023606,-1.9862766,0.113207474,-2.2081633,-1.76439,True,0.08391607,test,tensor([False]),0.7412591
C2H4O82Ru40,RuO2,110,carbonates_carboxylic-acids_esters,Acetic-acid,relaxed,-1.7382373,-1.6710902,0.24337673,-2.1481087,-1.1940718,True,-0.06714702,test,tensor([True]),-0.27589744
CH5Ir40NO80,IrO2,110,amines,Methanamine,relaxed,-2.769804,-2.6635237,0.15674478,-2.9707434,-2.356304,True,-0.10628033,test,tensor([False]),-0.678047
C3H8O81Ru40,RuO2,110,alcohols_aldehydes_ketones_ethers,Propan-2-ol,relaxed,-1.7410262,-1.6029385,0.15180524,-1.9004768,-1.3054003,True,-0.13808763,test,tensor([False]),-0.9096368
CH3NO81Ru40,RuO2,110,amides,Formamide,relaxed,-0.4085435,-0.5505021,0.41354138,-1.3610432,0.26003897,True,0.14195862,test,tensor([False]),0.34327552
C2H4O82Ru40,RuO2,110,carbonates_carboxylic-acids_esters,Acetic-acid,relaxed,-0.9988272,-1.1088566,0.1251089,-1.35407,-0.8636431,True,0.11002934,test,tensor([False]),0.87946856
C3H8O80Ru40,RuO2,110,alkanes_alkenes_alkynes,Propane,relaxed,-0.1924462,-0.31630433,0.10602306,-0.52410954,-0.108499125,True,0.123858124,test,tensor([False]),1.1682187
C2H4Ir40O80,IrO2,110,alkanes_alkenes_alkynes,Ethene,relaxed,-1.9162964,-1.6631844,0.23734888,-2.1283882,-1.1979806,True,-0.25311196,test,tensor([False]),-1.066413
CH2O83Ru40,RuO2,110,carbonates_carboxylic-acids_esters,Carbonic-acid,relaxed,-0.88278973,-0.98168635,0.10144784,-1.1805241,-0.7828486,True,0.09889662,test,tensor([False]),0.9748519
C2H6Ir40N2O80,IrO2,110,amidines,Acetimidamide,relaxed,-0.44448346,-0.5112061,0.15932696,-0.8234869,-0.19892526,True,0.06672263,test,tensor([False]),0.41877806
C2H4O81Ru40,RuO2,110,alcohols_aldehydes_ketones_ethers,Acetaldehyde,relaxed,-0.49409798,-0.54473364,0.12367651,-0.7871396,-0.3023277,True,0.050635666,test,tensor([False]),0.40942025
CH3Ir40NO82,IrO2,110,carbamate-esters,Carbamic-acid,relaxed,-3.4695706,-3.2629642,0.15660381,-3.5699077,-2.9560208,True,-0.20660639,test,tensor([True]),-1.3192935
C2H5NO81Ru40,RuO2,110,amides,Acetamide,relaxed,-0.302354,-0.35935855,0.054378152,-0.46593973,-0.25277737,True,0.05700454,test,tensor([False]),1.0482986
C2H5NO80Ru40,RuO2,110,imines,N-methylmethanimine,relaxed,-1.8234478,-1.8662525,0.12074209,-2.102907,-1.629598,True,0.042804718,test,tensor([False]),0.35451365
CH3NO80Ru40,RuO2,110,imines,Methanimine,relaxed,-0.18569592,-0.2566613,0.13096915,-0.51336086,3.823638e-05,True,0.07096538,test,tensor([False]),0.54184806
CH2O80Ru40S,RuO2,110,thiols_thials_thioketones_thioethers,Methanethial,relaxed,-0.9667833,-1.1149418,0.15596259,-1.4206285,-0.8092551,True,0.14815855,test,tensor([False]),0.94996214
C3H6Ir40O80S,IrO2,110,thiols_thials_thioketones_thioethers,Propane-2-thione,relaxed,-2.8691132,-2.0895298,0.2558273,-2.5909512,-1.5881083,False,-0.77958345,test,tensor([False]),-3.0473034
C2H4Ir40O80,IrO2,110,alkanes_alkenes_alkynes,Ethene,relaxed,-1.197696,-1.115611,0.30855167,-1.7203722,-0.51084965,True,-0.08208501,test,tensor([False]),-0.2660333
C3H7Ir40NO80,IrO2,110,imines,Propan-2-imine,relaxed,-2.7820573,-2.8214707,0.16300888,-3.140968,-2.5019734,True,0.039413452,test,tensor([False]),0.24178714
C3H6O80Ru40,RuO2,110,alkanes_alkenes_alkynes,Propylene,relaxed,-0.31283516,-0.5482792,0.16268304,-0.867138,-0.22942045,True,0.23544407,test,tensor([False]),1.4472564
C2H5Ir40NO81,IrO2,110,amides,Acetamide,relaxed,-0.5226708,-0.31785166,0.15802813,-0.6275868,-0.008116543,True,-0.20481914,test,tensor([False]),-1.296093
C3H9NO80Ru40,RuO2,110,amines,Propan-2-amine,relaxed,-1.9952747,-1.9006029,0.11809902,-2.132077,-1.6691289,True,-0.094671726,test,tensor([False]),-0.8016301
CH4Ir40N2O80,IrO2,110,amidines,Formimidamide,relaxed,-3.2080142,-2.8391395,0.14153965,-3.1165571,-2.5617218,False,-0.3688748,test,tensor([False]),-2.6061587
C3H9NO80Ru40,RuO2,110,amines,Propan-2-amine,relaxed,-1.9024816,-1.9617487,0.11839536,-2.1938035,-1.7296938,True,0.059267163,test,tensor([False]),0.50058687
C3H6Ir40O81,IrO2,110,alcohols_aldehydes_ketones_ethers,Propan-2-one,relaxed,-0.92697227,-0.64979416,0.23874828,-1.1177409,-0.18184751,True,-0.2771781,test,tensor([False]),-1.1609638
C3H8O80Ru40,RuO2,110,alkanes_alkenes_alkynes,Propane,relaxed,-0.40236807,-0.14856803,0.12153485,-0.38677633,0.089640275,False,-0.25380003,test,tensor([False]),-2.0882902
C2H6Ir40O80S,IrO2,110,thiols_thials_thioketones_thioethers,Ethanethiol,relaxed,-3.5216115,-3.4772682,0.17059402,-3.8116326,-3.1429038,True,-0.044343233,test,tensor([True]),-0.25993428
C2H6Ir40O81,IrO2,110,alcohols_aldehydes_ketones_ethers,Ethanol,relaxed,-1.0235742,-1.0123156,0.23821758,-1.479222,-0.5454092,True,-0.011258602,test,tensor([False]),-0.047261845
C3H8Ir40O80,IrO2,110,alkanes_alkenes_alkynes,Propane,relaxed,-1.3939513,-0.7872113,0.29022956,-1.3560612,-0.21836138,False,-0.60674,test,tensor([False]),-2.090552
C2H4Ir40O82,IrO2,110,carbonates_carboxylic-acids_esters,Acetic-acid,relaxed,-1.2853451,-1.3342297,0.2358052,-1.7964079,-0.8720515,True,0.04888463,test,tensor([False]),0.20730938
C3H8Ir40O81,IrO2,110,alcohols_aldehydes_ketones_ethers,Propan-2-ol,relaxed,-1.0918964,-1.233085,0.22626625,-1.6765668,-0.7896032,True,0.14118862,test,tensor([False]),0.6239933
C2H7NO80Ru40,RuO2,110,amines,Ethanamine,relaxed,-0.28224644,-0.37170172,0.12449167,-0.6157054,-0.12769803,True,0.08945528,test,tensor([False]),0.71856433
C3H8O80Ru40,RuO2,110,alkanes_alkenes_alkynes,Propane,relaxed,-0.32321647,-0.31630433,0.10602306,-0.52410954,-0.108499125,True,-0.006912142,test,tensor([False]),-0.0651947
C3H6Ir40O80,IrO2,110,alkanes_alkenes_alkynes,Propylene,relaxed,-0.15899904,-0.3144052,0.22898327,-0.76321244,0.134402,True,0.15540616,test,tensor([False]),0.6786791
CH2Ir40O80S,IrO2,110,thiols_thials_thioketones_thioethers,Methanethial,relaxed,-2.6360588,-1.5122895,0.3944526,-2.2854166,-0.7391624,False,-1.1237693,test,tensor([False]),-2.8489337
C2H4O80Ru40,RuO2,110,alkanes_alkenes_alkynes,Ethene,relaxed,-0.3849923,-0.5040329,0.1221996,-0.7435441,-0.2645217,True,0.11904061,test,tensor([False]),0.9741489
CH2O82Ru40,RuO2,110,carbonates_carboxylic-acids_esters,Formic-acid,relaxed,-0.19747382,-0.39420283,0.08656188,-0.5638641,-0.22454154,False,0.196729,test,tensor([False]),2.272698
C3H8O81Ru40,RuO2,110,alcohols_aldehydes_ketones_ethers,Propan-2-ol,relaxed,-0.20970675,-0.45590496,0.09992684,-0.65176153,-0.26004836,False,0.2461982,test,tensor([False]),2.4637847
C2H5Ir40NO81,IrO2,110,amides,Acetamide,relaxed,-2.1335754,-2.6013737,0.16713417,-2.9289567,-2.2737906,False,0.46779823,test,tensor([False]),2.7989383
C2H4O81Ru40,RuO2,110,alcohols_aldehydes_ketones_ethers,Acetaldehyde,relaxed,-1.3709321,-1.4776024,0.17444134,-1.8195074,-1.1356974,True,0.10667026,test,tensor([False]),0.61149645
CH5NO80Ru40,RuO2,110,amines,Methanamine,relaxed,-0.31025186,-0.3371321,0.06042289,-0.45556095,-0.21870324,True,0.026880234,test,tensor([False]),0.44486842
CH3Ir40NO81,IrO2,110,amides,Formamide,relaxed,-3.6285455,-3.6919794,0.14778885,-3.9816456,-3.4023132,True,0.063433886,test,tensor([True]),0.4292197
C2H7NO80Ru40,RuO2,110,amines,Ethanamine,relaxed,-0.33000576,-0.45089614,0.10070516,-0.64827824,-0.25351402,True,0.12089038,test,tensor([False]),1.2004387
CH2O81Ru40,RuO2,110,alcohols_aldehydes_ketones_ethers,Formaldehyde,relaxed,-0.26443827,-0.3286357,0.23604785,-0.79128945,0.1340181,True,0.06419742,test,tensor([False]),0.27196783
C2H4O81Ru40,RuO2,110,alcohols_aldehydes_ketones_ethers,Acetaldehyde,relaxed,-1.3763677,-1.4022743,0.1667368,-1.7290784,-1.0754701,True,0.025906563,test,tensor([False]),0.155374
C2H7NO80Ru40,RuO2,110,amines,Ethanamine,relaxed,-0.80440325,-0.8340823,0.19351615,-1.2133739,-0.45479065,True,0.02967906,test,tensor([False]),0.15336736
CH2Ir40O83,IrO2,110,carbonates_carboxylic-acids_esters,Carbonic-acid,relaxed,-3.3252745,-2.8146963,0.21284623,-3.231875,-2.3975177,False,-0.51057816,test,tensor([True]),-2.3988123
C2H4O80Ru40,RuO2,110,alkanes_alkenes_alkynes,Ethene,relaxed,-0.2685277,-0.35729754,0.21403915,-0.7768143,0.062219203,True,0.08876985,test,tensor([False]),0.41473654
C3H4O80Ru40,RuO2,110,alkanes_alkenes_alkynes,Prop-1-yne,relaxed,-0.6010287,-0.52051216,0.19158094,-0.8960108,-0.14501351,True,-0.08051652,test,tensor([False]),-0.42027417
C3H7NO80Ru40,RuO2,110,imines,Propan-2-imine,relaxed,-2.0180874,-2.075366,0.122974664,-2.3163965,-1.8343357,True,0.057278633,test,tensor([False]),0.46577588
C3H8Ir40O80,IrO2,110,alkanes_alkenes_alkynes,Propane,relaxed,-1.1133947,-0.82448655,0.30027062,-1.413017,-0.23595613,True,-0.28890818,test,tensor([False]),-0.96215934
CH2O82Ru40,RuO2,110,carbonates_carboxylic-acids_esters,Formic-acid,relaxed,-1.1499014,-1.2916188,0.15098785,-1.587555,-0.9956826,True,0.14171743,test,tensor([False]),0.9386016
C3H8O80Ru40S,RuO2,110,thiols_thials_thioketones_thioethers,Propane-2-thiol,relaxed,-1.8191184,-1.5826958,0.18103433,-1.9375231,-1.2278686,True,-0.23642254,test,tensor([False]),-1.3059542
C2H6O80Ru40S,RuO2,110,thiols_thials_thioketones_thioethers,Dimethylsulfane,relaxed,-1.8343639,-1.7797978,0.15342443,-2.0805097,-1.4790859,True,-0.054566145,test,tensor([False]),-0.35565487
C2H2O80Ru40,RuO2,110,alkanes_alkenes_alkynes,Acetylene,relaxed,-0.5592134,-0.55978787,0.25573093,-1.0610205,-0.058555245,True,0.00057446957,test,tensor([False]),0.0022463829
C2H6Ir40O80S,IrO2,110,thiols_thials_thioketones_thioethers,Ethanethiol,relaxed,-3.1990073,-3.4077349,0.1985382,-3.7968698,-3.0186,True,0.2087276,test,tensor([True]),1.0513221
CH3NO81Ru40,RuO2,110,amides,Formamide,relaxed,-0.37608618,-0.4330815,0.08792616,-0.6054168,-0.26074624,True,0.056995332,test,tensor([False]),0.64821815
CH3NO82Ru40,RuO2,110,carbamate-esters,Carbamic-acid,relaxed,-0.61964065,-1.3207185,0.16660191,-1.6472583,-0.9941788,False,0.7010779,test,tensor([False]),4.208102
C3H8Ir40O81,IrO2,110,alcohols_aldehydes_ketones_ethers,Propan-2-ol,relaxed,-0.20337354,-0.47428614,0.19052859,-0.8477222,-0.100850105,True,0.2709126,test,tensor([False]),1.4218999
C3H9Ir40NO80,IrO2,110,amines,Propan-2-amine,relaxed,-3.0597649,-2.806476,0.17201427,-3.143624,-2.4693282,True,-0.25328875,test,tensor([False]),-1.4724869
C2H5NO80Ru40,RuO2,110,imines,N-methylmethanimine,relaxed,-0.64916146,-0.63618743,0.075246006,-0.7836696,-0.48870528,True,-0.012974024,test,tensor([False]),-0.17242143
CH3Ir40NO81,IrO2,110,oximes,Formaldoxime,relaxed,-3.0559773,-3.260037,0.18894757,-3.6303742,-2.8896997,True,0.2040596,test,tensor([True]),1.07998
C3H4O80Ru40,RuO2,110,alkanes_alkenes_alkynes,Prop-1-yne,relaxed,-1.0852201,-0.66842294,0.14241767,-0.94756156,-0.3892843,False,-0.41679716,test,tensor([False]),-2.9265833
C3H9Ir40NO80,IrO2,110,amines,Propan-2-amine,relaxed,-2.8780565,-2.7576418,0.1677105,-3.0863543,-2.4289293,True,-0.120414734,test,tensor([False]),-0.71799165
CH2O83Ru40,RuO2,110,carbonates_carboxylic-acids_esters,Carbonic-acid,relaxed,-2.0807958,-1.8254695,0.19697759,-2.2115455,-1.4393934,True,-0.25532627,test,tensor([True]),-1.29622
C3H9NO80Ru40,RuO2,110,amines,Propan-2-amine,relaxed,-2.1359258,-1.9555669,0.098507546,-2.1486416,-1.7624921,True,-0.18035889,test,tensor([False]),-1.8309144
C2H6O81Ru40,RuO2,110,alcohols_aldehydes_ketones_ethers,Ethanol,relaxed,-0.8478002,-0.71813333,0.10737164,-0.9285818,-0.5076849,True,-0.12966686,test,tensor([False]),-1.2076453
CH3Ir40NO81,IrO2,110,oximes,Formaldoxime,relaxed,-0.26538977,-0.7952069,0.2292517,-1.2445402,-0.34587356,False,0.5298171,test,tensor([False]),2.3110716
C3H8Ir40O80S,IrO2,110,thiols_thials_thioketones_thioethers,Propane-2-thiol,relaxed,-0.58533233,-0.40668,0.11010886,-0.6224934,-0.19086662,True,-0.17865235,test,tensor([False]),-1.6225065
C2H7Ir40NO80,IrO2,110,amines,Ethanamine,relaxed,-0.20548986,-0.5335773,0.21897705,-0.96277237,-0.10438231,True,0.32808745,test,tensor([False]),1.4982733
C2H6Ir40O80S,IrO2,110,thiols_thials_thioketones_thioethers,Ethanethiol,relaxed,-3.1938574,-3.138885,0.268087,-3.6643355,-2.6134346,True,-0.05497241,test,tensor([True]),-0.20505437
CH5Ir40NO80,IrO2,110,amines,Methanamine,relaxed,-2.7799482,-2.6747885,0.15657492,-2.9816754,-2.3679016,True,-0.10515976,test,tensor([False]),-0.67162585
CH4Ir40O80,IrO2,110,alkanes_alkenes_alkynes,Methane,relaxed,-0.32315344,-0.68248165,0.28739896,-1.2457836,-0.119179666,True,0.3593282,test,tensor([False]),1.2502767
C2H6O81Ru40,RuO2,110,alcohols_aldehydes_ketones_ethers,Ethanol,relaxed,-0.40652263,-0.47907394,0.43691957,-1.3354363,0.37728846,True,0.07255131,test,tensor([False]),0.16605186
C3H8Ir40O81,IrO2,110,alcohols_aldehydes_ketones_ethers,Propan-2-ol,relaxed,-0.27693567,-0.43900478,0.14690585,-0.7269403,-0.15106931,True,0.16206911,test,tensor([False]),1.1032175
C3H9Ir40NO80,IrO2,110,amines,Trimethylamine,relaxed,-2.4104888,-2.679284,0.17860737,-3.0293546,-2.3292136,True,0.26879525,test,tensor([False]),1.5049505
CH4O80Ru40S,RuO2,110,thiols_thials_thioketones_thioethers,Methanethiol,relaxed,-2.2921443,-2.1837254,0.23263144,-2.639683,-1.7277677,True,-0.10841894,test,tensor([True]),-0.46605453
C3H8O80Ru40,RuO2,110,alkanes_alkenes_alkynes,Propane,relaxed,-0.37239966,-0.212214,0.110728204,-0.4292413,0.0048132986,True,-0.16018566,test,tensor([False]),-1.4466563
