Surface,Molecule Group,Molecule,Initial Site,DFT Energy (System),DFT Energy (Slab),DFT Energy (Gas),Adsorption Energy
RuO2,alkanes_alkenes_alkynes,Methane,Metal,-923.57413962,-899.06307944,-24.03812657,-0.472933609999959
RuO2,alkanes_alkenes_alkynes,Methane,Metal,-923.57419209,-899.06307944,-24.03812657,-0.472986079999973
RuO2,alkanes_alkenes_alkynes,Methane,Metal,-923.5730376,-899.06307944,-24.03812657,-0.471831589999997
RuO2,alkanes_alkenes_alkynes,Methane,Metal,-923.51208958,-899.06307944,-24.03812657,-0.410883569999928
RuO2,alkanes_alkenes_alkynes,Methane,Metal,-923.56303475,-899.06307944,-24.03812657,-0.461828740000019
RuO2,alkanes_alkenes_alkynes,Methane,Hole,-923.57044558,-899.06307944,-24.03812657,-0.469239569999932
RuO2,alkanes_alkenes_alkynes,Methane,Oxygen,-923.52774959,-899.06307944,-24.03812657,-0.426543579999962
RuO2,alkanes_alkenes_alkynes,Methane,Oxygen Bridge,-923.24133564,-899.06307944,-24.03812657,-0.140129629999965
RuO2,alkanes_alkenes_alkynes,Methane,Metal Bridge,-923.40581532,-899.06307944,-24.03812657,-0.304609309999964
RuO2,alkanes_alkenes_alkynes,Ethane,Metal,-940.2496747,-899.06307944,-40.5271974,-0.659397859999991
RuO2,alkanes_alkenes_alkynes,Ethane,Metal,-940.07154498,-899.06307944,-40.5271974,-0.481268139999976
RuO2,alkanes_alkenes_alkynes,Ethane,Metal,-940.12261711,-899.06307944,-40.5271974,-0.532340269999942
RuO2,alkanes_alkenes_alkynes,Ethane,Oxygen,-939.82451346,-899.06307944,-40.5271974,-0.234236620000026
RuO2,alkanes_alkenes_alkynes,Ethane,Oxygen Bridge,-939.8210077,-899.06307944,-40.5271974,-0.230730859999973
RuO2,alkanes_alkenes_alkynes,Ethane,Metal Bridge,-940.11494603,-899.06307944,-40.5271974,-0.524669190000033
RuO2,alkanes_alkenes_alkynes,Ethane,Metal Bridge,-940.26121663,-899.06307944,-40.5271974,-0.670939790000013
RuO2,alkanes_alkenes_alkynes,Ethene,Metal,-932.17489474,-899.06307944,-31.98468456,-1.12713073999999
RuO2,alkanes_alkenes_alkynes,Ethene,Metal,-932.16017735,-899.06307944,-31.98468456,-1.11241335
RuO2,alkanes_alkenes_alkynes,Ethene,Metal,-931.4327563,-899.06307944,-31.98468456,-0.384992300000025
RuO2,alkanes_alkenes_alkynes,Ethene,Hole,-932.13473422,-899.06307944,-31.98468456,-1.08697022000002
RuO2,alkanes_alkenes_alkynes,Ethene,Oxygen,-932.16753359,-899.06307944,-31.98468456,-1.11976958999992
RuO2,alkanes_alkenes_alkynes,Ethene,Oxygen,-931.18311983,-899.06307944,-31.98468456,-0.135355829999984
RuO2,alkanes_alkenes_alkynes,Ethene,Oxygen Bridge,-932.13760714,-899.06307944,-31.98468456,-1.08984313999997
RuO2,alkanes_alkenes_alkynes,Ethene,Metal Bridge,-931.3162917,-899.06307944,-31.98468456,-0.26852769999994
RuO2,alkanes_alkenes_alkynes,Ethene,Metal Bridge,-931.66044214,-899.06307944,-31.98468456,-0.612678139999961
RuO2,alkanes_alkenes_alkynes,Propane,Metal,-956.88756876,-899.06307944,-57.09545583,-0.729033489999999
RuO2,alkanes_alkenes_alkynes,Propane,Metal,-956.90271627,-899.06307944,-57.09545583,-0.744181000000019
RuO2,alkanes_alkenes_alkynes,Propane,Metal,-956.69795194,-899.06307944,-57.09545583,-0.53941667000003
RuO2,alkanes_alkenes_alkynes,Propane,Metal,-956.89976239,-899.06307944,-57.09545583,-0.741227119999955
RuO2,alkanes_alkenes_alkynes,Propane,Metal,-956.69815344,-899.06307944,-57.09545583,-0.539618170000033
RuO2,alkanes_alkenes_alkynes,Propane,Metal,-956.89326432,-899.06307944,-57.09545583,-0.734729049999935
RuO2,alkanes_alkenes_alkynes,Propane,Hole,-956.80032946,-899.06307944,-57.09545583,-0.641794189999921
RuO2,alkanes_alkenes_alkynes,Propane,Oxygen,-956.56090334,-899.06307944,-57.09545583,-0.402368069999959
RuO2,alkanes_alkenes_alkynes,Propane,Oxygen,-956.48175173,-899.06307944,-57.09545583,-0.323216460000019
RuO2,alkanes_alkenes_alkynes,Propane,Oxygen,-956.53093492,-899.06307944,-57.09545583,-0.372399650000027
RuO2,alkanes_alkenes_alkynes,Propane,Oxygen,-956.35098147,-899.06307944,-57.09545583,-0.192446199999942
RuO2,alkanes_alkenes_alkynes,Propane,Oxygen Bridge,-956.35251137,-899.06307944,-57.09545583,-0.193976099999979
RuO2,alkanes_alkenes_alkynes,Propane,Metal Bridge,-956.9335845,-899.06307944,-57.09545583,-0.775049230000029
RuO2,alkanes_alkenes_alkynes,Prop-1-yne,Metal,-939.21052943,-899.06307944,-39.83813428,-0.309315709999929
RuO2,alkanes_alkenes_alkynes,Prop-1-yne,Metal,-940.14321519,-899.06307944,-39.83813428,-1.24200146999996
RuO2,alkanes_alkenes_alkynes,Prop-1-yne,Metal,-940.15284018,-899.06307944,-39.83813428,-1.25162645999998
RuO2,alkanes_alkenes_alkynes,Prop-1-yne,Metal,-939.98643376,-899.06307944,-39.83813428,-1.08522003999993
RuO2,alkanes_alkenes_alkynes,Prop-1-yne,Hole,-940.07267656,-899.06307944,-39.83813428,-1.17146283999997
RuO2,alkanes_alkenes_alkynes,Prop-1-yne,Oxygen,-939.08287493,-899.06307944,-39.83813428,-0.18166120999998
RuO2,alkanes_alkenes_alkynes,Prop-1-yne,Oxygen,-939.1419048,-899.06307944,-39.83813428,-0.240691079999998
RuO2,alkanes_alkenes_alkynes,Prop-1-yne,Oxygen,-939.20100056,-899.06307944,-39.83813428,-0.299786839999989
RuO2,alkanes_alkenes_alkynes,Prop-1-yne,Oxygen Bridge,-939.0564661,-899.06307944,-39.83813428,-0.155252379999943
RuO2,alkanes_alkenes_alkynes,Prop-1-yne,Oxygen Bridge,-940.42620746,-899.06307944,-39.83813428,-1.52499373999998
RuO2,alkanes_alkenes_alkynes,Prop-1-yne,Metal Bridge,-939.5022424,-899.06307944,-39.83813428,-0.601028679999978
RuO2,alkanes_alkenes_alkynes,Prop-1-yne,Metal Bridge,-939.25385423,-899.06307944,-39.83813428,-0.352640509999979
RuO2,alkanes_alkenes_alkynes,Prop-1-yne,Metal Bridge,-940.10351448,-899.06307944,-39.83813428,-1.20230075999992
RuO2,alkanes_alkenes_alkynes,Propylene,Metal,-949.11253345,-899.06307944,-48.7101188,-1.33933520999998
RuO2,alkanes_alkenes_alkynes,Propylene,Metal,-949.10082353,-899.06307944,-48.7101188,-1.32762528999994
RuO2,alkanes_alkenes_alkynes,Propylene,Metal,-949.10661564,-899.06307944,-48.7101188,-1.33341739999995
RuO2,alkanes_alkenes_alkynes,Propylene,Hole,-949.10526,-899.06307944,-48.7101188,-1.33206176000002
RuO2,alkanes_alkenes_alkynes,Propylene,Oxygen,-949.09939398,-899.06307944,-48.7101188,-1.32619573999992
RuO2,alkanes_alkenes_alkynes,Propylene,Oxygen,-947.96069496,-899.06307944,-48.7101188,-0.187496719999935
RuO2,alkanes_alkenes_alkynes,Propylene,Oxygen,-948.0860334,-899.06307944,-48.7101188,-0.312835159999999
RuO2,alkanes_alkenes_alkynes,Propylene,Metal Bridge,-949.10092692,-899.06307944,-48.7101188,-1.32772867999999
RuO2,alkanes_alkenes_alkynes,Acetylene,Metal,-923.23118681,-899.06307944,-22.95142042,-1.21668695000003
RuO2,alkanes_alkenes_alkynes,Acetylene,Metal,-923.20528831,-899.06307944,-22.95142042,-1.19078844999999
RuO2,alkanes_alkenes_alkynes,Acetylene,Metal,-923.20375074,-899.06307944,-22.95142042,-1.18925088000001
RuO2,alkanes_alkenes_alkynes,Acetylene,Oxygen Bridge,-922.57288345,-899.06307944,-22.95142042,-0.558383589999924
RuO2,alkanes_alkenes_alkynes,Acetylene,Oxygen Bridge,-924.3982022,-899.06307944,-22.95142042,-2.38370233999999
RuO2,alkanes_alkenes_alkynes,Acetylene,Metal Bridge,-922.57371328,-899.06307944,-22.95142042,-0.559213419999967
RuO2,alkanes_alkenes_alkynes,Acetylene,Metal Bridge,-923.21752523,-899.06307944,-22.95142042,-1.20302536999995
RuO2,alcohols_aldehydes_ketones_ethers,Methanol,Metal,-930.87484256,-899.06307944,-30.22478718,-1.58697594000002
RuO2,alcohols_aldehydes_ketones_ethers,Methanol,Metal,-930.87992057,-899.06307944,-30.22478718,-1.59205394999994
RuO2,alcohols_aldehydes_ketones_ethers,Methanol,Metal,-930.87629691,-899.06307944,-30.22478718,-1.58843028999993
RuO2,alcohols_aldehydes_ketones_ethers,Methanol,Hole,-930.87638221,-899.06307944,-30.22478718,-1.58851558999995
RuO2,alcohols_aldehydes_ketones_ethers,Methanol,Hole,-930.87743962,-899.06307944,-30.22478718,-1.58957299999999
RuO2,alcohols_aldehydes_ketones_ethers,Methanol,Oxygen,-929.60258099,-899.06307944,-30.22478718,-0.314714369999955
RuO2,alcohols_aldehydes_ketones_ethers,Methanol,Oxygen,-930.099634,-899.06307944,-30.22478718,-0.811767380000013
RuO2,alcohols_aldehydes_ketones_ethers,Methanol,Oxygen Bridge,-929.66819428,-899.06307944,-30.22478718,-0.380327659999942
RuO2,alcohols_aldehydes_ketones_ethers,Methanol,Metal Bridge,-930.87956439,-899.06307944,-30.22478718,-1.59169777000002
RuO2,alcohols_aldehydes_ketones_ethers,Ethanol,Metal,-946.9462182,-899.06307944,-46.92521708,-0.957921679999949
RuO2,alcohols_aldehydes_ketones_ethers,Ethanol,Metal,-946.83609672,-899.06307944,-46.92521708,-0.847800199999973
RuO2,alcohols_aldehydes_ketones_ethers,Ethanol,Hole,-946.71394189,-899.06307944,-46.92521708,-0.725645369999974
RuO2,alcohols_aldehydes_ketones_ethers,Ethanol,Hole,-947.61524852,-899.06307944,-46.92521708,-1.626952
RuO2,alcohols_aldehydes_ketones_ethers,Ethanol,Hole,-946.67735731,-899.06307944,-46.92521708,-0.689060790000021
RuO2,alcohols_aldehydes_ketones_ethers,Ethanol,Oxygen,-946.33074693,-899.06307944,-46.92521708,-0.342450410000005
RuO2,alcohols_aldehydes_ketones_ethers,Ethanol,Oxygen,-946.1712528,-899.06307944,-46.92521708,-0.18295628000002
RuO2,alcohols_aldehydes_ketones_ethers,Ethanol,Oxygen Bridge,-946.39481914,-899.06307944,-46.92521708,-0.406522619999954
RuO2,alcohols_aldehydes_ketones_ethers,Ethanol,Metal Bridge,-947.7055596,-899.06307944,-46.92521708,-1.71726307999999
RuO2,alcohols_aldehydes_ketones_ethers,Ethanol,Metal Bridge,-946.67862732,-899.06307944,-46.92521708,-0.690330800000005
RuO2,alcohols_aldehydes_ketones_ethers,Propan-2-ol,Metal,-963.62804918,-899.06307944,-63.64144238,-0.923527359999923
RuO2,alcohols_aldehydes_ketones_ethers,Propan-2-ol,Metal,-964.44554793,-899.06307944,-63.64144238,-1.74102610999995
RuO2,alcohols_aldehydes_ketones_ethers,Propan-2-ol,Hole,-963.32777468,-899.06307944,-63.64144238,-0.623252859999923
RuO2,alcohols_aldehydes_ketones_ethers,Propan-2-ol,Hole,-964.42669589,-899.06307944,-63.64144238,-1.72217406999999
RuO2,alcohols_aldehydes_ketones_ethers,Propan-2-ol,Oxygen,-962.91422858,-899.06307944,-63.64144238,-0.20970675999996
RuO2,alcohols_aldehydes_ketones_ethers,Propan-2-ol,Oxygen,-962.94485595,-899.06307944,-63.64144238,-0.240334130000008
RuO2,alcohols_aldehydes_ketones_ethers,Propan-2-ol,Oxygen Bridge,-963.19158131,-899.06307944,-63.64144238,-0.487059489999922
RuO2,alcohols_aldehydes_ketones_ethers,Propan-2-ol,Oxygen Bridge,-963.46179026,-899.06307944,-63.64144238,-0.757268440000019
RuO2,alcohols_aldehydes_ketones_ethers,Propan-2-ol,Metal Bridge,-963.62394162,-899.06307944,-63.64144238,-0.919419799999957
RuO2,alcohols_aldehydes_ketones_ethers,Propan-2-ol,Metal Bridge,-964.44959374,-899.06307944,-63.64144238,-1.74507191999993
RuO2,alcohols_aldehydes_ketones_ethers,Formaldehyde,Metal,-922.90690975,-899.06307944,-22.13619364,-1.70763666999993
RuO2,alcohols_aldehydes_ketones_ethers,Formaldehyde,Metal,-921.38895341,-899.06307944,-22.13619364,-0.189680329999977
RuO2,alcohols_aldehydes_ketones_ethers,Formaldehyde,Hole,-922.38427938,-899.06307944,-22.13619364,-1.18500629999993
RuO2,alcohols_aldehydes_ketones_ethers,Formaldehyde,Oxygen,-921.4053712,-899.06307944,-22.13619364,-0.206098119999968
RuO2,alcohols_aldehydes_ketones_ethers,Formaldehyde,Oxygen Bridge,-921.46371135,-899.06307944,-22.13619364,-0.264438270000017
RuO2,alcohols_aldehydes_ketones_ethers,Formaldehyde,Metal Bridge,-922.38909891,-899.06307944,-22.13619364,-1.18982583000001
RuO2,alcohols_aldehydes_ketones_ethers,Acetaldehyde,Metal,-938.64763862,-899.06307944,-39.09046121,-0.494097969999928
RuO2,alcohols_aldehydes_ketones_ethers,Acetaldehyde,Metal,-939.53049658,-899.06307944,-39.09046121,-1.37695592999995
RuO2,alcohols_aldehydes_ketones_ethers,Acetaldehyde,Metal,-939.52825279,-899.06307944,-39.09046121,-1.37471213999999
RuO2,alcohols_aldehydes_ketones_ethers,Acetaldehyde,Hole,-939.52990837,-899.06307944,-39.09046121,-1.37636772000002
RuO2,alcohols_aldehydes_ketones_ethers,Acetaldehyde,Oxygen,-939.52447281,-899.06307944,-39.09046121,-1.37093216
RuO2,alcohols_aldehydes_ketones_ethers,Acetaldehyde,Oxygen Bridge,-939.4387633,-899.06307944,-39.09046121,-1.28522264999998
RuO2,alcohols_aldehydes_ketones_ethers,Propan-2-one,Metal,-956.14787915,-899.06307944,-56.02635962,-1.05844008999997
RuO2,alcohols_aldehydes_ketones_ethers,Propan-2-one,Metal,-956.54564061,-899.06307944,-56.02635962,-1.45620154999994
RuO2,alcohols_aldehydes_ketones_ethers,Propan-2-one,Metal,-956.50581066,-899.06307944,-56.02635962,-1.41637159999993
RuO2,alcohols_aldehydes_ketones_ethers,Propan-2-one,Hole,-956.27726866,-899.06307944,-56.02635962,-1.18782959999998
RuO2,alcohols_aldehydes_ketones_ethers,Propan-2-one,Oxygen,-955.34958972,-899.06307944,-56.02635962,-0.260150660000015
RuO2,alcohols_aldehydes_ketones_ethers,Propan-2-one,Oxygen Bridge,-955.17406711,-899.06307944,-56.02635962,-0.084628049999985
RuO2,alcohols_aldehydes_ketones_ethers,Propan-2-one,Oxygen Bridge,-956.51803092,-899.06307944,-56.02635962,-1.42859185999998
RuO2,alcohols_aldehydes_ketones_ethers,Propan-2-one,Metal Bridge,-956.5487065,-899.06307944,-56.02635962,-1.45926743999996
RuO2,alcohols_aldehydes_ketones_ethers,Propan-2-one,Metal Bridge,-955.71464083,-899.06307944,-56.02635962,-0.625201769999983
RuO2,alcohols_aldehydes_ketones_ethers,Methoxymethane,Metal,-946.12205264,-899.06307944,-46.42578826,-0.633184939999971
RuO2,alcohols_aldehydes_ketones_ethers,Methoxymethane,Metal,-946.5086586,-899.06307944,-46.42578826,-1.01979089999997
RuO2,alcohols_aldehydes_ketones_ethers,Methoxymethane,Hole,-946.78496119,-899.06307944,-46.42578826,-1.29609348999997
RuO2,alcohols_aldehydes_ketones_ethers,Methoxymethane,Oxygen,-945.79513597,-899.06307944,-46.42578826,-0.306268270000025
RuO2,alcohols_aldehydes_ketones_ethers,Methoxymethane,Oxygen Bridge,-945.78341778,-899.06307944,-46.42578826,-0.294550080000015
RuO2,alcohols_aldehydes_ketones_ethers,Methoxymethane,Oxygen Bridge,-945.66884236,-899.06307944,-46.42578826,-0.179974659999964
RuO2,alcohols_aldehydes_ketones_ethers,Methoxymethane,Metal Bridge,-945.91381682,-899.06307944,-46.42578826,-0.424949119999944
RuO2,thiols_thials_thioketones_thioethers,Methanethiol,Metal,-929.00257874,-899.06307944,-27.65151942,-2.28797987999997
RuO2,thiols_thials_thioketones_thioethers,Methanethiol,Metal,-928.41233914,-899.06307944,-27.65151942,-1.69774027999995
RuO2,thiols_thials_thioketones_thioethers,Methanethiol,Hole,-928.20062319,-899.06307944,-27.65151942,-1.48602432999996
RuO2,thiols_thials_thioketones_thioethers,Methanethiol,Oxygen,-927.08644866,-899.06307944,-27.65151942,-0.37184979999995
RuO2,thiols_thials_thioketones_thioethers,Methanethiol,Oxygen Bridge,-927.00101563,-899.06307944,-27.65151942,-0.28641676999996
RuO2,thiols_thials_thioketones_thioethers,Methanethiol,Oxygen Bridge,-927.10357009,-899.06307944,-27.65151942,-0.388971229999925
RuO2,thiols_thials_thioketones_thioethers,Methanethiol,Metal Bridge,-929.00674315,-899.06307944,-27.65151942,-2.29214429000001
RuO2,thiols_thials_thioketones_thioethers,Methanethial,Metal,-919.94930827,-899.06307944,-19.1169107,-1.76931812999994
RuO2,thiols_thials_thioketones_thioethers,Methanethial,Hole,-919.14677343,-899.06307944,-19.1169107,-0.966783290000031
RuO2,thiols_thials_thioketones_thioethers,Methanethial,Oxygen,-919.80738749,-899.06307944,-19.1169107,-1.62739734999997
RuO2,thiols_thials_thioketones_thioethers,Methanethial,Oxygen,-918.35662098,-899.06307944,-19.1169107,-0.17663083999998
RuO2,thiols_thials_thioketones_thioethers,Methanethial,Oxygen Bridge,-919.92248835,-899.06307944,-19.1169107,-1.74249820999996
RuO2,thiols_thials_thioketones_thioethers,Methanethial,Metal Bridge,-919.01452613,-899.06307944,-19.1169107,-0.834535990000013
RuO2,thiols_thials_thioketones_thioethers,Ethanethiol,Metal,-944.92934804,-899.06307944,-44.23571075,-1.63055785000001
RuO2,thiols_thials_thioketones_thioethers,Ethanethiol,Metal,-945.62611182,-899.06307944,-44.23571075,-2.32732162999998
RuO2,thiols_thials_thioketones_thioethers,Ethanethiol,Metal,-945.61182045,-899.06307944,-44.23571075,-2.31303025999996
RuO2,thiols_thials_thioketones_thioethers,Ethanethiol,Hole,-945.05280212,-899.06307944,-44.23571075,-1.75401193
RuO2,thiols_thials_thioketones_thioethers,Ethanethiol,Hole,-943.54338491,-899.06307944,-44.23571075,-0.244594719999959
RuO2,thiols_thials_thioketones_thioethers,Ethanethiol,Oxygen,-944.1292311,-899.06307944,-44.23571075,-0.830440909999943
RuO2,thiols_thials_thioketones_thioethers,Ethanethiol,Oxygen Bridge,-943.62203121,-899.06307944,-44.23571075,-0.323241020000019
RuO2,thiols_thials_thioketones_thioethers,Ethanethiol,Metal Bridge,-944.0360001,-899.06307944,-44.23571075,-0.737209909999997
RuO2,thiols_thials_thioketones_thioethers,Ethanethial,Metal,-936.7551236,-899.06307944,-36.02016119,-1.67188297000002
RuO2,thiols_thials_thioketones_thioethers,Ethanethial,Metal,-936.8635047,-899.06307944,-36.02016119,-1.78026406999999
RuO2,thiols_thials_thioketones_thioethers,Ethanethial,Hole,-935.56940657,-899.06307944,-36.02016119,-0.486165939999928
RuO2,thiols_thials_thioketones_thioethers,Ethanethial,Oxygen,-935.27294772,-899.06307944,-36.02016119,-0.18970709000002
RuO2,thiols_thials_thioketones_thioethers,Ethanethial,Oxygen Bridge,-935.41570933,-899.06307944,-36.02016119,-0.3324687
RuO2,thiols_thials_thioketones_thioethers,Ethanethial,Oxygen Bridge,-935.29735306,-899.06307944,-36.02016119,-0.21411242999995
RuO2,thiols_thials_thioketones_thioethers,Ethanethial,Metal Bridge,-936.48279626,-899.06307944,-36.02016119,-1.39955562999996
RuO2,thiols_thials_thioketones_thioethers,Propane-2-thiol,Metal,-956.23200276,-899.06307944,-55.39214344,-1.77677987999998
RuO2,thiols_thials_thioketones_thioethers,Propane-2-thiol,Metal,-958.16153466,-899.06307944,-55.39214344,-3.70631178000001
RuO2,thiols_thials_thioketones_thioethers,Propane-2-thiol,Metal,-956.51157458,-899.06307944,-55.39214344,-2.05635169999998
RuO2,thiols_thials_thioketones_thioethers,Propane-2-thiol,Hole,-958.04370615,-899.06307944,-55.39214344,-3.58848327000003
RuO2,thiols_thials_thioketones_thioethers,Propane-2-thiol,Oxygen,-955.84961619,-899.06307944,-55.39214344,-1.39439330999998
RuO2,thiols_thials_thioketones_thioethers,Propane-2-thiol,Oxygen Bridge,-955.85951585,-899.06307944,-55.39214344,-1.40429296999996
RuO2,thiols_thials_thioketones_thioethers,Propane-2-thiol,Oxygen Bridge,-957.10700886,-899.06307944,-55.39214344,-2.65178597999993
RuO2,thiols_thials_thioketones_thioethers,Propane-2-thiol,Metal Bridge,-958.15547102,-899.06307944,-55.39214344,-3.70024814000003
RuO2,thiols_thials_thioketones_thioethers,Propane-2-thiol,Metal Bridge,-956.61707699,-899.06307944,-55.39214344,-2.16185410999996
RuO2,thiols_thials_thioketones_thioethers,Propane-2-thione,Metal,-953.59465681,-899.06307944,-52.82969409,-1.70188327999993
RuO2,thiols_thials_thioketones_thioethers,Propane-2-thione,Metal,-954.01779306,-899.06307944,-52.82969409,-2.12501953000001
RuO2,thiols_thials_thioketones_thioethers,Propane-2-thione,Hole,-954.02115662,-899.06307944,-52.82969409,-2.12838309000004
RuO2,thiols_thials_thioketones_thioethers,Propane-2-thione,Oxygen,-952.09845307,-899.06307944,-52.82969409,-0.205679539999984
RuO2,thiols_thials_thioketones_thioethers,Propane-2-thione,Oxygen Bridge,-953.72155596,-899.06307944,-52.82969409,-1.82878243000003
RuO2,thiols_thials_thioketones_thioethers,Propane-2-thione,Metal Bridge,-953.74138003,-899.06307944,-52.82969409,-1.84860649999994
RuO2,thiols_thials_thioketones_thioethers,Propane-2-thione,Metal Bridge,-953.10984289,-899.06307944,-52.82969409,-1.21706935999996
RuO2,thiols_thials_thioketones_thioethers,Dimethylsulfane,Metal,-945.11129085,-899.06307944,-44.21384748,-1.83436393000002
RuO2,thiols_thials_thioketones_thioethers,Dimethylsulfane,Metal,-944.96186383,-899.06307944,-44.21384748,-1.68493690999995
RuO2,thiols_thials_thioketones_thioethers,Dimethylsulfane,Hole,-943.90031597,-899.06307944,-44.21384748,-0.623389049999929
RuO2,thiols_thials_thioketones_thioethers,Dimethylsulfane,Oxygen,-943.64040668,-899.06307944,-44.21384748,-0.363479759999933
RuO2,thiols_thials_thioketones_thioethers,Dimethylsulfane,Oxygen,-945.08145307,-899.06307944,-44.21384748,-1.80452614999993
RuO2,thiols_thials_thioketones_thioethers,Dimethylsulfane,Oxygen Bridge,-943.44307392,-899.06307944,-44.21384748,-0.166146999999938
RuO2,amines,Methanamine,Metal,-936.80283588,-899.06307944,-35.67896405,-2.06079238999995
RuO2,amines,Methanamine,Hole,-936.79460357,-899.06307944,-35.67896405,-2.05256008000003
RuO2,amines,Methanamine,Hole,-936.75707969,-899.06307944,-35.67896405,-2.01503619999993
RuO2,amines,Methanamine,Hole,-936.8,-899.06307944,-35.67896405,-2.05795650999993
RuO2,amines,Methanamine,Oxygen,-935.5018787,-899.06307944,-35.67896405,-0.759835209999999
RuO2,amines,Methanamine,Oxygen Bridge,-935.05229534,-899.06307944,-35.67896405,-0.310251849999979
RuO2,amines,Ethanamine,Metal,-953.49749893,-899.06307944,-52.33105605,-2.10336343999998
RuO2,amines,Ethanamine,Metal,-953.49168436,-899.06307944,-52.33105605,-2.09754887
RuO2,amines,Ethanamine,Hole,-953.47727122,-899.06307944,-52.33105605,-2.08313573000001
RuO2,amines,Ethanamine,Hole,-953.49658536,-899.06307944,-52.33105605,-2.10244987000002
RuO2,amines,Ethanamine,Oxygen,-952.18808322,-899.06307944,-52.33105605,-0.793947729999928
RuO2,amines,Ethanamine,Oxygen,-951.67638192,-899.06307944,-52.33105605,-0.282246430000015
RuO2,amines,Ethanamine,Oxygen,-951.72414126,-899.06307944,-52.33105605,-0.330005769999985
RuO2,amines,Ethanamine,Metal Bridge,-952.19853874,-899.06307944,-52.33105605,-0.804403249999979
RuO2,amines,Propan-2-amine,Metal,-966.45821532,-899.06307944,-63.59418066,-3.80095522
RuO2,amines,Propan-2-amine,Metal,-966.60532835,-899.06307944,-63.59418066,-3.94806825000001
RuO2,amines,Propan-2-amine,Metal,-966.60577635,-899.06307944,-63.59418066,-3.94851625000002
RuO2,amines,Propan-2-amine,Hole,-964.49787086,-899.06307944,-63.59418066,-1.84061076000001
RuO2,amines,Propan-2-amine,Oxygen,-966.54451832,-899.06307944,-63.59418066,-3.88725821999993
RuO2,amines,Propan-2-amine,Oxygen,-965.48796658,-899.06307944,-63.59418066,-2.83070648000001
RuO2,amines,Propan-2-amine,Oxygen Bridge,-965.71071856,-899.06307944,-63.59418066,-3.05345846000001
RuO2,amines,Propan-2-amine,Metal Bridge,-966.61797123,-899.06307944,-63.59418066,-3.96071112999994
RuO2,amines,Trimethylamine,Metal,-969.15853252,-899.06307944,-68.3963003,-1.69915277999998
RuO2,amines,Trimethylamine,Metal,-969.15851066,-899.06307944,-68.3963003,-1.69913092000003
RuO2,amines,Trimethylamine,Oxygen,-967.94120746,-899.06307944,-68.3963003,-0.48182771999997
RuO2,amines,Trimethylamine,Oxygen Bridge,-967.82389004,-899.06307944,-68.3963003,-0.36451030000002
RuO2,amines,Trimethylamine,Metal Bridge,-968.24834994,-899.06307944,-68.3963003,-0.788970200000009
RuO2,imines,Methanimine,Metal,-928.46462225,-899.06307944,-27.40609055,-1.99545226000003
RuO2,imines,Methanimine,Oxygen,-926.65486591,-899.06307944,-27.40609055,-0.18569591999999
RuO2,imines,Methanimine,Oxygen Bridge,-928.44033239,-899.06307944,-27.40609055,-1.97116239999996
RuO2,imines,Methanimine,Metal Bridge,-928.46625735,-899.06307944,-27.40609055,-1.99708735999996
RuO2,imines,Ethanimine,Metal,-945.25664174,-899.06307944,-44.29120175,-1.90236054999994
RuO2,imines,Ethanimine,Metal,-945.27109072,-899.06307944,-44.29120175,-1.91680952999994
RuO2,imines,Ethanimine,Hole,-945.2864212,-899.06307944,-44.29120175,-1.93214000999993
RuO2,imines,Ethanimine,Hole,-945.27288513,-899.06307944,-44.29120175,-1.91860393999994
RuO2,imines,Ethanimine,Hole,-945.2637874,-899.06307944,-44.29120175,-1.90950620999993
RuO2,imines,Ethanimine,Oxygen,-943.67177687,-899.06307944,-44.29120175,-0.317495680000007
RuO2,imines,Ethanimine,Metal Bridge,-944.03609414,-899.06307944,-44.29120175,-0.681812950000023
RuO2,imines,Propan-2-imine,Metal,-962.13145767,-899.06307944,-61.08655808,-1.98182015
RuO2,imines,Propan-2-imine,Metal,-962.19688703,-899.06307944,-61.08655808,-2.04724950999994
RuO2,imines,Propan-2-imine,Hole,-962.071669,-899.06307944,-61.08655808,-1.92203148000002
RuO2,imines,Propan-2-imine,Oxygen,-960.58406039,-899.06307944,-61.08655808,-0.434422869999963
RuO2,imines,Propan-2-imine,Oxygen Bridge,-962.16772498,-899.06307944,-61.08655808,-2.01808745999998
RuO2,imines,Propan-2-imine,Metal Bridge,-962.18157873,-899.06307944,-61.08655808,-2.03194120999993
RuO2,imines,N-methylmethanimine,Metal,-944.85292755,-899.06307944,-43.87890318,-1.91094492999998
RuO2,imines,N-methylmethanimine,Metal,-944.86412824,-899.06307944,-43.87890318,-1.92214561999999
RuO2,imines,N-methylmethanimine,Metal,-944.76543047,-899.06307944,-43.87890318,-1.82344784999993
RuO2,imines,N-methylmethanimine,Oxygen,-943.19437594,-899.06307944,-43.87890318,-0.25239331999996
RuO2,imines,N-methylmethanimine,Oxygen,-943.59114405,-899.06307944,-43.87890318,-0.64916143
RuO2,carbonates_carboxylic-acids_esters,Carbonic acid,Metal,-938.04471694,-899.06307944,-37.14464301,-1.83699448999992
RuO2,carbonates_carboxylic-acids_esters,Carbonic acid,Metal,-937.09051219,-899.06307944,-37.14464301,-0.88278974
RuO2,carbonates_carboxylic-acids_esters,Carbonic acid,Hole,-938.28851815,-899.06307944,-37.14464301,-2.08079569999993
RuO2,carbonates_carboxylic-acids_esters,Carbonic acid,Hole,-938.04906839,-899.06307944,-37.14464301,-1.84134593999998
RuO2,carbonates_carboxylic-acids_esters,Carbonic acid,Oxygen,-936.77115182,-899.06307944,-37.14464301,-0.563429369999973
RuO2,carbonates_carboxylic-acids_esters,Carbonic acid,Oxygen,-936.28261112,-899.06307944,-37.14464301,-0.0748886699999289
RuO2,carbonates_carboxylic-acids_esters,Carbonic acid,Oxygen Bridge,-938.73086558,-899.06307944,-37.14464301,-2.52314312999997
RuO2,carbonates_carboxylic-acids_esters,Carbonic acid,Metal Bridge,-938.27567699,-899.06307944,-37.14464301,-2.06795453999994
RuO2,carbonates_carboxylic-acids_esters,Formic acid,Metal,-930.16145857,-899.06307944,-29.89466833,-1.20371080000001
RuO2,carbonates_carboxylic-acids_esters,Formic acid,Metal,-930.23586142,-899.06307944,-29.89466833,-1.27811364999997
RuO2,carbonates_carboxylic-acids_esters,Formic acid,Hole,-930.10764916,-899.06307944,-29.89466833,-1.14990139000003
RuO2,carbonates_carboxylic-acids_esters,Formic acid,Oxygen,-929.1552216,-899.06307944,-29.89466833,-0.197473829999982
RuO2,carbonates_carboxylic-acids_esters,Formic acid,Metal Bridge,-931.43827807,-899.06307944,-29.89466833,-2.4805303
RuO2,carbonates_carboxylic-acids_esters,Acetic acid,Metal,-947.69639115,-899.06307944,-46.78160119,-1.85171051999993
RuO2,carbonates_carboxylic-acids_esters,Acetic acid,Metal,-947.08639209,-899.06307944,-46.78160119,-1.24171145999998
RuO2,carbonates_carboxylic-acids_esters,Acetic acid,Hole,-947.24902738,-899.06307944,-46.78160119,-1.40434675
RuO2,carbonates_carboxylic-acids_esters,Acetic acid,Hole,-946.84350786,-899.06307944,-46.78160119,-0.998827230000018
RuO2,carbonates_carboxylic-acids_esters,Acetic acid,Oxygen,-945.96714958,-899.06307944,-46.78160119,-0.122468949999927
RuO2,carbonates_carboxylic-acids_esters,Acetic acid,Oxygen,-947.18586894,-899.06307944,-46.78160119,-1.34118830999995
RuO2,carbonates_carboxylic-acids_esters,Acetic acid,Oxygen Bridge,-947.58291785,-899.06307944,-46.78160119,-1.73823721999992
RuO2,carbonates_carboxylic-acids_esters,Acetic acid,Metal Bridge,-947.16622613,-899.06307944,-46.78160119,-1.32154550000001
RuO2,carbonates_carboxylic-acids_esters,Acetic acid,Metal Bridge,-948.34911539,-899.06307944,-46.78160119,-2.50443475999992
RuO2,carbamate-esters,Carbamic acid,Metal,-943.589207,-899.06307944,-42.65775764,-1.86836991999996
RuO2,carbamate-esters,Carbamic acid,Metal,-943.3833388,-899.06307944,-42.65775764,-1.66250172000002
RuO2,carbamate-esters,Carbamic acid,Metal,-943.57276992,-899.06307944,-42.65775764,-1.85193284000002
RuO2,carbamate-esters,Carbamic acid,Hole,-943.58336707,-899.06307944,-42.65775764,-1.86252998999998
RuO2,carbamate-esters,Carbamic acid,Oxygen,-944.180797,-899.06307944,-42.65775764,-2.45995991999996
RuO2,carbamate-esters,Carbamic acid,Oxygen Bridge,-944.15113674,-899.06307944,-42.65775764,-2.43029965999995
RuO2,carbamate-esters,Carbamic acid,Oxygen Bridge,-942.24698845,-899.06307944,-42.65775764,-0.52615136999998
RuO2,carbamate-esters,Carbamic acid,Metal Bridge,-943.57360398,-899.06307944,-42.65775764,-1.85276690000001
RuO2,carbamate-esters,Carbamic acid,Metal Bridge,-942.34047772,-899.06307944,-42.65775764,-0.619640639999943
RuO2,amides,Formamide,Metal,-936.00093267,-899.06307944,-36.56652254,-0.371330689999972
RuO2,amides,Formamide,Metal,-935.98906496,-899.06307944,-36.56652254,-0.359462979999925
RuO2,amides,Formamide,Metal,-936.88503714,-899.06307944,-36.56652254,-1.25543515999998
RuO2,amides,Formamide,Hole,-935.72875628,-899.06307944,-36.56652254,-0.0991542999999453
RuO2,amides,Formamide,Oxygen,-934.74784059,-899.06307944,-36.56652254,0.881761390000015
RuO2,amides,Formamide,Oxygen,-934.78029792,-899.06307944,-36.56652254,0.849304060000073
RuO2,amides,Formamide,Metal Bridge,-936.06909158,-899.06307944,-36.56652254,-0.439489599999938
RuO2,amides,Acetamide,Metal,-952.8054562,-899.06307944,-52.11050347,-1.63187328999996
RuO2,amides,Acetamide,Metal,-952.86655482,-899.06307944,-52.11050347,-1.69297191000001
RuO2,amides,Acetamide,Metal,-952.63754628,-899.06307944,-52.11050347,-1.46396337000002
RuO2,amides,Acetamide,Hole,-952.88914741,-899.06307944,-52.11050347,-1.71556449999994
RuO2,amides,Acetamide,Hole,-952.71480492,-899.06307944,-52.11050347,-1.54122200999998
RuO2,amides,Acetamide,Oxygen,-952.73293241,-899.06307944,-52.11050347,-1.55934949999997
RuO2,amides,Acetamide,Oxygen,-951.47593691,-899.06307944,-52.11050347,-0.302353999999951
RuO2,amides,Acetamide,Oxygen Bridge,-953.1380508,-899.06307944,-52.11050347,-1.96446788999995
RuO2,amides,Acetamide,Metal Bridge,-953.122437,-899.06307944,-52.11050347,-1.94885408999997
RuO2,oximes,Formaldoxime,Metal,-933.63849636,-899.06307944,-33.12398914,-1.45142777999995
RuO2,oximes,Formaldoxime,Metal,-934.16782707,-899.06307944,-33.12398914,-1.98075849000002
RuO2,oximes,Formaldoxime,Hole,-933.95522876,-899.06307944,-33.12398914,-1.76816017999993
RuO2,oximes,Formaldoxime,Hole,-934.44363267,-899.06307944,-33.12398914,-2.25656409000003
RuO2,oximes,Formaldoxime,Oxygen,-932.46372403,-899.06307944,-33.12398914,-0.276655449999957
RuO2,oximes,Formaldoxime,Oxygen Bridge,-932.65527398,-899.06307944,-33.12398914,-0.468205399999924
RuO2,oximes,Formaldoxime,Oxygen Bridge,-932.66844917,-899.06307944,-33.12398914,-0.481380590000008
RuO2,oximes,Formaldoxime,Metal Bridge,-934.17053468,-899.06307944,-33.12398914,-1.98346609999992
RuO2,oximes,Formaldoxime,Metal Bridge,-933.63853464,-899.06307944,-33.12398914,-1.45146605999997
RuO2,amidines,Formimidamide,Metal,-941.41709584,-899.06307944,-40.15142211,-2.20259428999998
RuO2,amidines,Formimidamide,Metal,-940.71275864,-899.06307944,-40.15142211,-1.49825708999992
RuO2,amidines,Formimidamide,Hole,-940.72552258,-899.06307944,-40.15142211,-1.51102102999994
RuO2,amidines,Formimidamide,Oxygen,-939.54861834,-899.06307944,-40.15142211,-0.334116789999939
RuO2,amidines,Formimidamide,Oxygen Bridge,-939.60983743,-899.06307944,-40.15142211,-0.395335879999948
RuO2,amidines,Formimidamide,Metal Bridge,-941.57158954,-899.06307944,-40.15142211,-2.35708798999997
RuO2,amidines,Acetimidamide,Metal,-957.51415256,-899.06307944,-56.90234126,-1.54873185999993
RuO2,amidines,Acetimidamide,Hole,-958.18098503,-899.06307944,-56.90234126,-2.21556432999996
RuO2,amidines,Acetimidamide,Oxygen,-958.20205949,-899.06307944,-56.90234126,-2.23663878999999
RuO2,amidines,Acetimidamide,Oxygen Bridge,-956.38289191,-899.06307944,-56.90234126,-0.417471209999988
RuO2,amidines,Acetimidamide,Metal Bridge,-958.46122204,-899.06307944,-56.90234126,-2.49580134000003
IrO2,alkanes_alkenes_alkynes,Methane,Metal,-878.24757783,-853.47682834,-24.03812657,-0.732622919999958
IrO2,alkanes_alkenes_alkynes,Methane,Hole,-878.24789934,-853.47682834,-24.03812657,-0.732944430000007
IrO2,alkanes_alkenes_alkynes,Methane,Oxygen,-877.6054531,-853.47682834,-24.03812657,-0.0904981899999804
IrO2,alkanes_alkenes_alkynes,Methane,Oxygen Bridge,-877.62922725,-853.47682834,-24.03812657,-0.114272339999989
IrO2,alkanes_alkenes_alkynes,Methane,Metal Bridge,-877.83810834,-853.47682834,-24.03812657,-0.323153429999966
IrO2,alkanes_alkenes_alkynes,Ethane,Metal,-894.98186235,-853.47682834,-40.5271974,-0.977836610000033
IrO2,alkanes_alkenes_alkynes,Ethane,Metal,-894.84350749,-853.47682834,-40.5271974,-0.839481749999983
IrO2,alkanes_alkenes_alkynes,Ethane,Hole,-894.82617111,-853.47682834,-40.5271974,-0.822145370000023
IrO2,alkanes_alkenes_alkynes,Ethane,Oxygen,-894.20091748,-853.47682834,-40.5271974,-0.196891740000048
IrO2,alkanes_alkenes_alkynes,Ethane,Oxygen Bridge,-896.08350533,-853.47682834,-40.5271974,-2.07947958999998
IrO2,alkanes_alkenes_alkynes,Ethane,Metal Bridge,-895.0253793,-853.47682834,-40.5271974,-1.02135356000006
IrO2,alkanes_alkenes_alkynes,Ethene,Metal,-887.37338042,-853.47682834,-31.98468456,-1.91186751999999
IrO2,alkanes_alkenes_alkynes,Ethene,Hole,-887.37780922,-853.47682834,-31.98468456,-1.91629632000002
IrO2,alkanes_alkenes_alkynes,Ethene,Oxygen,-887.83185274,-853.47682834,-31.98468456,-2.37033984000005
IrO2,alkanes_alkenes_alkynes,Ethene,Oxygen Bridge,-886.65920891,-853.47682834,-31.98468456,-1.19769600999996
IrO2,alkanes_alkenes_alkynes,Ethene,Metal Bridge,-887.51146699,-853.47682834,-31.98468456,-2.04995409000003
IrO2,alkanes_alkenes_alkynes,Propane,Metal,-911.4487183,-853.47682834,-57.09545583,-0.87643413
IrO2,alkanes_alkenes_alkynes,Propane,Metal,-911.70713094,-853.47682834,-57.09545583,-1.13484676999996
IrO2,alkanes_alkenes_alkynes,Propane,Hole,-911.47662985,-853.47682834,-57.09545583,-0.904345679999999
IrO2,alkanes_alkenes_alkynes,Propane,Hole,-911.96623551,-853.47682834,-57.09545583,-1.39395134000005
IrO2,alkanes_alkenes_alkynes,Propane,Oxygen,-910.80087505,-853.47682834,-57.09545583,-0.228590879999949
IrO2,alkanes_alkenes_alkynes,Propane,Oxygen,-910.7487672,-853.47682834,-57.09545583,-0.176483029999979
IrO2,alkanes_alkenes_alkynes,Propane,Oxygen,-911.70889398,-853.47682834,-57.09545583,-1.13660980999997
IrO2,alkanes_alkenes_alkynes,Propane,Oxygen Bridge,-912.98633961,-853.47682834,-57.09545583,-2.41405543999996
IrO2,alkanes_alkenes_alkynes,Propane,Metal Bridge,-910.99043297,-853.47682834,-57.09545583,-0.418148800000033
IrO2,alkanes_alkenes_alkynes,Propane,Metal Bridge,-911.68567885,-853.47682834,-57.09545583,-1.11339468000005
IrO2,alkanes_alkenes_alkynes,Propylene,Metal,-904.31365641,-853.47682834,-48.7101188,-2.12670927000003
IrO2,alkanes_alkenes_alkynes,Propylene,Hole,-904.40309837,-853.47682834,-48.7101188,-2.21615122999996
IrO2,alkanes_alkenes_alkynes,Propylene,Oxygen,-902.44695833,-853.47682834,-48.7101188,-0.260011190000036
IrO2,alkanes_alkenes_alkynes,Propylene,Oxygen,-902.34594618,-853.47682834,-48.7101188,-0.158999040000062
IrO2,alkanes_alkenes_alkynes,Propylene,Oxygen Bridge,-903.46309602,-853.47682834,-48.7101188,-1.27614887999997
IrO2,alkanes_alkenes_alkynes,Propylene,Oxygen Bridge,-903.7371344,-853.47682834,-48.7101188,-1.55018725999995
IrO2,alkanes_alkenes_alkynes,Propylene,Metal Bridge,-904.18850718,-853.47682834,-48.7101188,-2.00156003999999
IrO2,alkanes_alkenes_alkynes,Propylene,Metal Bridge,-904.39908027,-853.47682834,-48.7101188,-2.21213313000002
IrO2,alkanes_alkenes_alkynes,Prop-1-yne,Metal,-893.92774304,-853.47682834,-39.83813428,-0.61278042
IrO2,alkanes_alkenes_alkynes,Prop-1-yne,Metal,-895.1298506,-853.47682834,-39.83813428,-1.81488798000006
IrO2,alkanes_alkenes_alkynes,Prop-1-yne,Metal,-895.27448675,-853.47682834,-39.83813428,-1.95952413000006
IrO2,alkanes_alkenes_alkynes,Prop-1-yne,Hole,-895.26779851,-853.47682834,-39.83813428,-1.95283589000004
IrO2,alkanes_alkenes_alkynes,Prop-1-yne,Oxygen,-893.46949102,-853.47682834,-39.83813428,-0.154528399999968
IrO2,alkanes_alkenes_alkynes,Prop-1-yne,Oxygen Bridge,-895.9083473,-853.47682834,-39.83813428,-2.59338467999995
IrO2,alkanes_alkenes_alkynes,Prop-1-yne,Metal Bridge,-895.18984417,-853.47682834,-39.83813428,-1.87488155000002
IrO2,alkanes_alkenes_alkynes,Acetylene,Metal,-878.44981139,-853.47682834,-22.95142042,-2.02156263000004
IrO2,alkanes_alkenes_alkynes,Acetylene,Hole,-878.94722285,-853.47682834,-22.95142042,-2.51897409
IrO2,alkanes_alkenes_alkynes,Acetylene,Oxygen,-878.44962835,-853.47682834,-22.95142042,-2.02137959000001
IrO2,alkanes_alkenes_alkynes,Acetylene,Oxygen Bridge,-878.44927566,-853.47682834,-22.95142042,-2.02102690000001
IrO2,alkanes_alkenes_alkynes,Acetylene,Metal Bridge,-878.99249004,-853.47682834,-22.95142042,-2.56424128000001
IrO2,alcohols_aldehydes_ketones_ethers,Methanol,Metal,-884.98088379,-853.47682834,-30.22478718,-1.27926827000001
IrO2,alcohols_aldehydes_ketones_ethers,Methanol,Metal,-885.55344964,-853.47682834,-30.22478718,-1.85183412000006
IrO2,alcohols_aldehydes_ketones_ethers,Methanol,Hole,-884.97752232,-853.47682834,-30.22478718,-1.27590680000005
IrO2,alcohols_aldehydes_ketones_ethers,Methanol,Hole,-886.09144239,-853.47682834,-30.22478718,-2.38982687
IrO2,alcohols_aldehydes_ketones_ethers,Methanol,Oxygen,-883.86334044,-853.47682834,-30.22478718,-0.161724920000005
IrO2,alcohols_aldehydes_ketones_ethers,Methanol,Oxygen Bridge,-886.09386256,-853.47682834,-30.22478718,-2.39224704000005
IrO2,alcohols_aldehydes_ketones_ethers,Methanol,Metal Bridge,-886.04269157,-853.47682834,-30.22478718,-2.34107604999999
IrO2,alcohols_aldehydes_ketones_ethers,Ethanol,Metal,-902.52987097,-853.47682834,-46.92521708,-2.12782555000005
IrO2,alcohols_aldehydes_ketones_ethers,Ethanol,Metal,-901.91406689,-853.47682834,-46.92521708,-1.51202146999996
IrO2,alcohols_aldehydes_ketones_ethers,Ethanol,Metal,-902.40059074,-853.47682834,-46.92521708,-1.99854531999998
IrO2,alcohols_aldehydes_ketones_ethers,Ethanol,Hole,-901.4256197,-853.47682834,-46.92521708,-1.02357427999997
IrO2,alcohols_aldehydes_ketones_ethers,Ethanol,Hole,-903.40336532,-853.47682834,-46.92521708,-3.00131990000003
IrO2,alcohols_aldehydes_ketones_ethers,Ethanol,Oxygen,-900.81320568,-853.47682834,-46.92521708,-0.41116026000001
IrO2,alcohols_aldehydes_ketones_ethers,Ethanol,Oxygen Bridge,-902.74701419,-853.47682834,-46.92521708,-2.34496876999996
IrO2,alcohols_aldehydes_ketones_ethers,Ethanol,Metal Bridge,-901.89166998,-853.47682834,-46.92521708,-1.48962455999996
IrO2,alcohols_aldehydes_ketones_ethers,Ethanol,Metal Bridge,-902.87812595,-853.47682834,-46.92521708,-2.47608053000003
IrO2,alcohols_aldehydes_ketones_ethers,Propan-2-ol,Metal,-919.50889767,-853.47682834,-63.64144238,-2.39062695000001
IrO2,alcohols_aldehydes_ketones_ethers,Propan-2-ol,Metal,-918.21016717,-853.47682834,-63.64144238,-1.09189644999998
IrO2,alcohols_aldehydes_ketones_ethers,Propan-2-ol,Metal,-918.18568997,-853.47682834,-63.64144238,-1.06741925
IrO2,alcohols_aldehydes_ketones_ethers,Propan-2-ol,Hole,-919.28123028,-853.47682834,-63.64144238,-2.16295956000005
IrO2,alcohols_aldehydes_ketones_ethers,Propan-2-ol,Hole,-919.17452963,-853.47682834,-63.64144238,-2.05625891000005
IrO2,alcohols_aldehydes_ketones_ethers,Propan-2-ol,Oxygen,-917.32164426,-853.47682834,-63.64144238,-0.203373539999973
IrO2,alcohols_aldehydes_ketones_ethers,Propan-2-ol,Oxygen,-918.35006409,-853.47682834,-63.64144238,-1.23179337000005
IrO2,alcohols_aldehydes_ketones_ethers,Propan-2-ol,Oxygen Bridge,-917.3952064,-853.47682834,-63.64144238,-0.276935680000008
IrO2,alcohols_aldehydes_ketones_ethers,Propan-2-ol,Metal Bridge,-918.59303547,-853.47682834,-63.64144238,-1.47476475000002
IrO2,alcohols_aldehydes_ketones_ethers,Formaldehyde,Metal,-877.27216046,-853.47682834,-22.13619364,-1.65913848000001
IrO2,alcohols_aldehydes_ketones_ethers,Formaldehyde,Metal,-876.75509076,-853.47682834,-22.13619364,-1.14206878000003
IrO2,alcohols_aldehydes_ketones_ethers,Formaldehyde,Hole,-877.24511673,-853.47682834,-22.13619364,-1.63209474999995
IrO2,alcohols_aldehydes_ketones_ethers,Formaldehyde,Hole,-876.74836306,-853.47682834,-22.13619364,-1.13534107999998
IrO2,alcohols_aldehydes_ketones_ethers,Formaldehyde,Oxygen,-875.87099121,-853.47682834,-22.13619364,-0.257969230000061
IrO2,alcohols_aldehydes_ketones_ethers,Formaldehyde,Oxygen Bridge,-875.84899148,-853.47682834,-22.13619364,-0.235969499999999
IrO2,alcohols_aldehydes_ketones_ethers,Formaldehyde,Metal Bridge,-877.12984249,-853.47682834,-22.13619364,-1.51682050999999
IrO2,alcohols_aldehydes_ketones_ethers,Acetaldehyde,Metal,-893.26343365,-853.47682834,-39.09046121,-0.696144100000026
IrO2,alcohols_aldehydes_ketones_ethers,Acetaldehyde,Metal,-895.71601703,-853.47682834,-39.09046121,-3.14872747999999
IrO2,alcohols_aldehydes_ketones_ethers,Acetaldehyde,Metal,-894.43074057,-853.47682834,-39.09046121,-1.86345102000001
IrO2,alcohols_aldehydes_ketones_ethers,Acetaldehyde,Hole,-893.25509479,-853.47682834,-39.09046121,-0.687805240000046
IrO2,alcohols_aldehydes_ketones_ethers,Acetaldehyde,Hole,-893.81314443,-853.47682834,-39.09046121,-1.24585487999997
IrO2,alcohols_aldehydes_ketones_ethers,Acetaldehyde,Hole,-893.79312766,-853.47682834,-39.09046121,-1.22583810999998
IrO2,alcohols_aldehydes_ketones_ethers,Acetaldehyde,Oxygen,-892.79097209,-853.47682834,-39.09046121,-0.22368253999997
IrO2,alcohols_aldehydes_ketones_ethers,Acetaldehyde,Oxygen Bridge,-895.83314493,-853.47682834,-39.09046121,-3.26585538
IrO2,alcohols_aldehydes_ketones_ethers,Acetaldehyde,Oxygen Bridge,-894.3899934,-853.47682834,-39.09046121,-1.82270384999998
IrO2,alcohols_aldehydes_ketones_ethers,Acetaldehyde,Metal Bridge,-894.38580637,-853.47682834,-39.09046121,-1.81851681999996
IrO2,alcohols_aldehydes_ketones_ethers,Acetaldehyde,Metal Bridge,-894.51384085,-853.47682834,-39.09046121,-1.94655129999995
IrO2,alcohols_aldehydes_ketones_ethers,Propan-2-one,Metal,-911.00661168,-853.47682834,-56.02635962,-1.50342371999999
IrO2,alcohols_aldehydes_ketones_ethers,Propan-2-one,Metal,-911.52105069,-853.47682834,-56.02635962,-2.01786273000004
IrO2,alcohols_aldehydes_ketones_ethers,Propan-2-one,Hole,-911.51912145,-853.47682834,-56.02635962,-2.01593348999994
IrO2,alcohols_aldehydes_ketones_ethers,Propan-2-one,Oxygen,-911.27388363,-853.47682834,-56.02635962,-1.77069567
IrO2,alcohols_aldehydes_ketones_ethers,Propan-2-one,Oxygen,-910.43016021,-853.47682834,-56.02635962,-0.926972250000055
IrO2,alcohols_aldehydes_ketones_ethers,Propan-2-one,Oxygen Bridge,-909.90876225,-853.47682834,-56.02635962,-0.405574289999997
IrO2,alcohols_aldehydes_ketones_ethers,Propan-2-one,Metal Bridge,-911.50208964,-853.47682834,-56.02635962,-1.99890168000001
IrO2,alcohols_aldehydes_ketones_ethers,Propan-2-one,Metal Bridge,-910.72536175,-853.47682834,-56.02635962,-1.22217379000005
IrO2,alcohols_aldehydes_ketones_ethers,Methoxymethane,Metal,-901.35347032,-853.47682834,-46.42578826,-1.45085372000005
IrO2,alcohols_aldehydes_ketones_ethers,Methoxymethane,Metal,-901.60254394,-853.47682834,-46.42578826,-1.69992734000004
IrO2,alcohols_aldehydes_ketones_ethers,Methoxymethane,Metal,-900.91171407,-853.47682834,-46.42578826,-1.00909747000002
IrO2,alcohols_aldehydes_ketones_ethers,Methoxymethane,Hole,-900.95601748,-853.47682834,-46.42578826,-1.05340088000002
IrO2,alcohols_aldehydes_ketones_ethers,Methoxymethane,Hole,-901.59979902,-853.47682834,-46.42578826,-1.69718241999998
IrO2,alcohols_aldehydes_ketones_ethers,Methoxymethane,Oxygen,-900.02362771,-853.47682834,-46.42578826,-0.121011110000033
IrO2,alcohols_aldehydes_ketones_ethers,Methoxymethane,Oxygen Bridge,-900.13530237,-853.47682834,-46.42578826,-0.232685769999982
IrO2,alcohols_aldehydes_ketones_ethers,Methoxymethane,Metal Bridge,-900.40754188,-853.47682834,-46.42578826,-0.504925280000059
IrO2,alcohols_aldehydes_ketones_ethers,Methoxymethane,Metal Bridge,-901.16464423,-853.47682834,-46.42578826,-1.26202763000003
IrO2,thiols_thials_thioketones_thioethers,Methanethiol,Metal,-883.59902043,-853.47682834,-27.65151942,-2.47067267
IrO2,thiols_thials_thioketones_thioethers,Methanethiol,Metal,-884.27153959,-853.47682834,-27.65151942,-3.14319182999998
IrO2,thiols_thials_thioketones_thioethers,Methanethiol,Hole,-883.61523194,-853.47682834,-27.65151942,-2.48688417999995
IrO2,thiols_thials_thioketones_thioethers,Methanethiol,Hole,-883.61427544,-853.47682834,-27.65151942,-2.48592768000003
IrO2,thiols_thials_thioketones_thioethers,Methanethiol,Oxygen,-881.45007866,-853.47682834,-27.65151942,-0.321730900000034
IrO2,thiols_thials_thioketones_thioethers,Methanethiol,Oxygen Bridge,-884.27042564,-853.47682834,-27.65151942,-3.14207787999999
IrO2,thiols_thials_thioketones_thioethers,Methanethiol,Metal Bridge,-884.19838657,-853.47682834,-27.65151942,-3.07003881000003
IrO2,thiols_thials_thioketones_thioethers,Methanethial,Metal,-873.45096194,-853.47682834,-19.1169107,-0.857222899999961
IrO2,thiols_thials_thioketones_thioethers,Methanethial,Metal,-875.15783953,-853.47682834,-19.1169107,-2.56410049000005
IrO2,thiols_thials_thioketones_thioethers,Methanethial,Metal,-874.54839939,-853.47682834,-19.1169107,-1.95466034999999
IrO2,thiols_thials_thioketones_thioethers,Methanethial,Hole,-875.11625831,-853.47682834,-19.1169107,-2.52251927000004
IrO2,thiols_thials_thioketones_thioethers,Methanethial,Hole,-875.04893601,-853.47682834,-19.1169107,-2.45519697000004
IrO2,thiols_thials_thioketones_thioethers,Methanethial,Oxygen,-875.00886984,-853.47682834,-19.1169107,-2.41513079999999
IrO2,thiols_thials_thioketones_thioethers,Methanethial,Oxygen,-875.22979782,-853.47682834,-19.1169107,-2.63605878000005
IrO2,thiols_thials_thioketones_thioethers,Methanethial,Oxygen Bridge,-873.01545884,-853.47682834,-19.1169107,-0.421719799999956
IrO2,thiols_thials_thioketones_thioethers,Methanethial,Metal Bridge,-875.82732611,-853.47682834,-19.1169107,-3.23358706999995
IrO2,thiols_thials_thioketones_thioethers,Ethanethiol,Metal,-900.11723459,-853.47682834,-44.23571075,-2.40469549999995
IrO2,thiols_thials_thioketones_thioethers,Ethanethiol,Metal,-900.84945223,-853.47682834,-44.23571075,-3.13691314
IrO2,thiols_thials_thioketones_thioethers,Ethanethiol,Metal,-900.90639661,-853.47682834,-44.23571075,-3.19385752
IrO2,thiols_thials_thioketones_thioethers,Ethanethiol,Hole,-900.91154645,-853.47682834,-44.23571075,-3.19900735999995
IrO2,thiols_thials_thioketones_thioethers,Ethanethiol,Hole,-900.08091427,-853.47682834,-44.23571075,-2.36837517999999
IrO2,thiols_thials_thioketones_thioethers,Ethanethiol,Oxygen,-900.92138957,-853.47682834,-44.23571075,-3.20885047999997
IrO2,thiols_thials_thioketones_thioethers,Ethanethiol,Oxygen Bridge,-897.9549425,-853.47682834,-44.23571075,-0.242403410000016
IrO2,thiols_thials_thioketones_thioethers,Ethanethiol,Metal Bridge,-901.23415061,-853.47682834,-44.23571075,-3.52161152000003
IrO2,thiols_thials_thioketones_thioethers,Ethanethiol,Metal Bridge,-901.10180492,-853.47682834,-44.23571075,-3.38926582999995
IrO2,thiols_thials_thioketones_thioethers,Ethanethial,Metal,-892.36346554,-853.47682834,-36.02016119,-2.86647600999999
IrO2,thiols_thials_thioketones_thioethers,Ethanethial,Metal,-891.99946368,-853.47682834,-36.02016119,-2.50247414999996
IrO2,thiols_thials_thioketones_thioethers,Ethanethial,Hole,-892.36061948,-853.47682834,-36.02016119,-2.86362994999997
IrO2,thiols_thials_thioketones_thioethers,Ethanethial,Hole,-892.67045176,-853.47682834,-36.02016119,-3.17346222999999
IrO2,thiols_thials_thioketones_thioethers,Ethanethial,Oxygen,-892.08596184,-853.47682834,-36.02016119,-2.58897230999998
IrO2,thiols_thials_thioketones_thioethers,Ethanethial,Oxygen Bridge,-889.91896978,-853.47682834,-36.02016119,-0.421980249999997
IrO2,thiols_thials_thioketones_thioethers,Ethanethial,Metal Bridge,-892.3621165,-853.47682834,-36.02016119,-2.86512696999996
IrO2,thiols_thials_thioketones_thioethers,Ethanethial,Metal Bridge,-891.58023946,-853.47682834,-36.02016119,-2.08324993000003
IrO2,thiols_thials_thioketones_thioethers,Propane-2-thiol,Metal,-914.288257,-853.47682834,-55.39214344,-5.41928522000005
IrO2,thiols_thials_thioketones_thioethers,Propane-2-thiol,Metal,-913.71733027,-853.47682834,-55.39214344,-4.84835849000005
IrO2,thiols_thials_thioketones_thioethers,Propane-2-thiol,Metal,-912.11406139,-853.47682834,-55.39214344,-3.24508960999997
IrO2,thiols_thials_thioketones_thioethers,Propane-2-thiol,Hole,-914.83273973,-853.47682834,-55.39214344,-5.96376794999996
IrO2,thiols_thials_thioketones_thioethers,Propane-2-thiol,Hole,-911.77987976,-853.47682834,-55.39214344,-2.91090797999998
IrO2,thiols_thials_thioketones_thioethers,Propane-2-thiol,Hole,-913.32974505,-853.47682834,-55.39214344,-4.46077327000005
IrO2,thiols_thials_thioketones_thioethers,Propane-2-thiol,Oxygen,-911.2414107,-853.47682834,-55.39214344,-2.37243891999996
IrO2,thiols_thials_thioketones_thioethers,Propane-2-thiol,Oxygen Bridge,-911.29252053,-853.47682834,-55.39214344,-2.42354875000005
IrO2,thiols_thials_thioketones_thioethers,Propane-2-thiol,Metal Bridge,-913.70896743,-853.47682834,-55.39214344,-4.83999565000003
IrO2,thiols_thials_thioketones_thioethers,Propane-2-thiol,Metal Bridge,-911.83600305,-853.47682834,-55.39214344,-2.96703127000005
IrO2,thiols_thials_thioketones_thioethers,Propane-2-thione,Metal,-909.26822153,-853.47682834,-52.82969409,-2.96169910000001
IrO2,thiols_thials_thioketones_thioethers,Propane-2-thione,Metal,-909.17563558,-853.47682834,-52.82969409,-2.86911314999995
IrO2,thiols_thials_thioketones_thioethers,Propane-2-thione,Hole,-909.18164806,-853.47682834,-52.82969409,-2.87512563000005
IrO2,thiols_thials_thioketones_thioethers,Propane-2-thione,Hole,-907.08928823,-853.47682834,-52.82969409,-0.782765799999972
IrO2,thiols_thials_thioketones_thioethers,Propane-2-thione,Oxygen,-906.6275407,-853.47682834,-52.82969409,-0.32101827000006
IrO2,thiols_thials_thioketones_thioethers,Propane-2-thione,Oxygen Bridge,-906.66865869,-853.47682834,-52.82969409,-0.362136260000035
IrO2,thiols_thials_thioketones_thioethers,Propane-2-thione,Oxygen Bridge,-907.05221203,-853.47682834,-52.82969409,-0.74568959999997
IrO2,thiols_thials_thioketones_thioethers,Propane-2-thione,Metal Bridge,-909.1851713,-853.47682834,-52.82969409,-2.87864886999999
IrO2,thiols_thials_thioketones_thioethers,Propane-2-thione,Metal Bridge,-909.54539716,-853.47682834,-52.82969409,-3.23887473
IrO2,thiols_thials_thioketones_thioethers,Dimethylsulfane,Metal,-900.26521026,-853.47682834,-44.21384748,-2.57453444000001
IrO2,thiols_thials_thioketones_thioethers,Dimethylsulfane,Metal,-900.18244202,-853.47682834,-44.21384748,-2.49176620000006
IrO2,thiols_thials_thioketones_thioethers,Dimethylsulfane,Hole,-900.18324311,-853.47682834,-44.21384748,-2.49256729000004
IrO2,thiols_thials_thioketones_thioethers,Dimethylsulfane,Hole,-900.24274215,-853.47682834,-44.21384748,-2.55206633000003
IrO2,thiols_thials_thioketones_thioethers,Dimethylsulfane,Oxygen,-898.21920783,-853.47682834,-44.21384748,-0.528532009999964
IrO2,thiols_thials_thioketones_thioethers,Dimethylsulfane,Oxygen Bridge,-897.99479877,-853.47682834,-44.21384748,-0.304122949999993
IrO2,thiols_thials_thioketones_thioethers,Dimethylsulfane,Metal Bridge,-900.29948485,-853.47682834,-44.21384748,-2.60880903
IrO2,thiols_thials_thioketones_thioethers,Dimethylsulfane,Metal Bridge,-899.00001481,-853.47682834,-44.21384748,-1.30933899000004
IrO2,amines,Methanamine,Metal,-891.93574051,-853.47682834,-35.67896405,-2.77994811999996
IrO2,amines,Methanamine,Hole,-891.92559643,-853.47682834,-35.67896405,-2.76980404000005
IrO2,amines,Methanamine,Hole,-890.54156839,-853.47682834,-35.67896405,-1.38577599999996
IrO2,amines,Methanamine,Oxygen,-889.35319779,-853.47682834,-35.67896405,-0.197405399999973
IrO2,amines,Methanamine,Oxygen Bridge,-889.56026431,-853.47682834,-35.67896405,-0.404471919999985
IrO2,amines,Methanamine,Metal Bridge,-891.92190282,-853.47682834,-35.67896405,-2.76611043000002
IrO2,amines,Ethanamine,Metal,-908.63899701,-853.47682834,-52.33105605,-2.83111262000003
IrO2,amines,Ethanamine,Metal,-908.59708448,-853.47682834,-52.33105605,-2.78920009000004
IrO2,amines,Ethanamine,Hole,-906.88782545,-853.47682834,-52.33105605,-1.07994106000004
IrO2,amines,Ethanamine,Hole,-908.61011128,-853.47682834,-52.33105605,-2.80222688999996
IrO2,amines,Ethanamine,Oxygen,-906.18475267,-853.47682834,-52.33105605,-0.376868279999968
IrO2,amines,Ethanamine,Oxygen,-906.01337425,-853.47682834,-52.33105605,-0.205489859999972
IrO2,amines,Ethanamine,Oxygen Bridge,-906.14634019,-853.47682834,-52.33105605,-0.338455800000048
IrO2,amines,Ethanamine,Metal Bridge,-907.01177279,-853.47682834,-52.33105605,-1.20388840000001
IrO2,amines,Ethanamine,Metal Bridge,-908.51895642,-853.47682834,-52.33105605,-2.71107203
IrO2,amines,Propan-2-amine,Metal,-921.47627895,-853.47682834,-63.59418066,-4.40526995000005
IrO2,amines,Propan-2-amine,Metal,-921.81540528,-853.47682834,-63.59418066,-4.74439628000005
IrO2,amines,Propan-2-amine,Hole,-920.35565067,-853.47682834,-63.59418066,-3.28464167000005
IrO2,amines,Propan-2-amine,Hole,-921.49424867,-853.47682834,-63.59418066,-4.42323967000005
IrO2,amines,Propan-2-amine,Oxygen,-920.06613676,-853.47682834,-63.59418066,-2.99512775999995
IrO2,amines,Propan-2-amine,Oxygen,-920.38114362,-853.47682834,-63.59418066,-3.31013461999999
IrO2,amines,Propan-2-amine,Oxygen Bridge,-921.49959432,-853.47682834,-63.59418066,-4.42858532000003
IrO2,amines,Propan-2-amine,Metal Bridge,-921.87634076,-853.47682834,-63.59418066,-4.80533175999995
IrO2,amines,Propan-2-amine,Metal Bridge,-921.86900251,-853.47682834,-63.59418066,-4.79799350999998
IrO2,amines,Trimethylamine,Metal,-924.28361751,-853.47682834,-68.3963003,-2.41048887000001
IrO2,amines,Trimethylamine,Hole,-922.68973701,-853.47682834,-68.3963003,-0.816608370000054
IrO2,amines,Trimethylamine,Oxygen,-922.39782751,-853.47682834,-68.3963003,-0.524698869999966
IrO2,amines,Trimethylamine,Oxygen Bridge,-922.34176088,-853.47682834,-68.3963003,-0.468632240000048
IrO2,amines,Trimethylamine,Metal Bridge,-922.91062475,-853.47682834,-68.3963003,-1.03749611000002
IrO2,imines,Methanimine,Metal,-881.40525507,-853.47682834,-27.40609055,-0.522336179999957
IrO2,imines,Methanimine,Hole,-883.64791992,-853.47682834,-27.40609055,-2.76500103000005
IrO2,imines,Methanimine,Hole,-883.64555773,-853.47682834,-27.40609055,-2.76263883999995
IrO2,imines,Methanimine,Oxygen,-883.64246879,-853.47682834,-27.40609055,-2.75954989999996
IrO2,imines,Methanimine,Oxygen Bridge,-883.63578989,-853.47682834,-27.40609055,-2.75287099999996
IrO2,imines,Methanimine,Metal Bridge,-883.03911112,-853.47682834,-27.40609055,-2.15619223000003
IrO2,imines,Ethanimine,Metal,-900.50380066,-853.47682834,-44.29120175,-2.73577057000003
IrO2,imines,Ethanimine,Metal,-900.4919818,-853.47682834,-44.29120175,-2.72395170999997
IrO2,imines,Ethanimine,Hole,-900.48240519,-853.47682834,-44.29120175,-2.71437510000001
IrO2,imines,Ethanimine,Hole,-898.56666042,-853.47682834,-44.29120175,-0.798630329999952
IrO2,imines,Ethanimine,Oxygen,-897.87566515,-853.47682834,-44.29120175,-0.107635060000035
IrO2,imines,Ethanimine,Oxygen Bridge,-898.16245891,-853.47682834,-44.29120175,-0.394428820000059
IrO2,imines,Ethanimine,Metal Bridge,-900.50590321,-853.47682834,-44.29120175,-2.73787312000005
IrO2,imines,Ethanimine,Metal Bridge,-900.50297702,-853.47682834,-44.29120175,-2.73494693000001
IrO2,imines,Propan-2-imine,Metal,-917.34407481,-853.47682834,-61.08655808,-2.78068839000005
IrO2,imines,Propan-2-imine,Metal,-917.41823061,-853.47682834,-61.08655808,-2.85484419000002
IrO2,imines,Propan-2-imine,Metal,-917.30103922,-853.47682834,-61.08655808,-2.73765280000001
IrO2,imines,Propan-2-imine,Hole,-917.35428413,-853.47682834,-61.08655808,-2.79089771
IrO2,imines,Propan-2-imine,Hole,-917.39380707,-853.47682834,-61.08655808,-2.83042064999998
IrO2,imines,Propan-2-imine,Oxygen,-917.34544374,-853.47682834,-61.08655808,-2.78205731999995
IrO2,imines,Propan-2-imine,Oxygen Bridge,-914.59207304,-853.47682834,-61.08655808,-0.0286866199999452
IrO2,imines,Propan-2-imine,Oxygen Bridge,-914.82140754,-853.47682834,-61.08655808,-0.258021119999995
IrO2,imines,Propan-2-imine,Metal Bridge,-917.37198757,-853.47682834,-61.08655808,-2.80860114999999
IrO2,imines,N-methylmethanimine,Metal,-899.98824226,-853.47682834,-43.87890318,-2.63251073999999
IrO2,imines,N-methylmethanimine,Metal,-900.03795146,-853.47682834,-43.87890318,-2.68221994000005
IrO2,imines,N-methylmethanimine,Metal,-900.03614477,-853.47682834,-43.87890318,-2.68041324999997
IrO2,imines,N-methylmethanimine,Hole,-900.04249689,-853.47682834,-43.87890318,-2.68676537000005
IrO2,imines,N-methylmethanimine,Oxygen,-900.03795265,-853.47682834,-43.87890318,-2.68222112999997
IrO2,imines,N-methylmethanimine,Oxygen Bridge,-900.03636441,-853.47682834,-43.87890318,-2.68063289000003
IrO2,imines,N-methylmethanimine,Metal Bridge,-898.7289093,-853.47682834,-43.87890318,-1.37317778000006
IrO2,imines,N-methylmethanimine,Metal Bridge,-900.65750489,-853.47682834,-43.87890318,-3.30177337000004
IrO2,carbonates_carboxylic-acids_esters,Carbonic acid,Metal,-891.81422298,-853.47682834,-37.14464301,-1.19275162999995
IrO2,carbonates_carboxylic-acids_esters,Carbonic acid,Metal,-892.54486921,-853.47682834,-37.14464301,-1.92339786
IrO2,carbonates_carboxylic-acids_esters,Carbonic acid,Metal,-893.03280051,-853.47682834,-37.14464301,-2.41132916000002
IrO2,carbonates_carboxylic-acids_esters,Carbonic acid,Hole,-893.27240619,-853.47682834,-37.14464301,-2.65093483999997
IrO2,carbonates_carboxylic-acids_esters,Carbonic acid,Hole,-893.03138554,-853.47682834,-37.14464301,-2.40991418999997
IrO2,carbonates_carboxylic-acids_esters,Carbonic acid,Oxygen,-891.83990209,-853.47682834,-37.14464301,-1.21843074000001
IrO2,carbonates_carboxylic-acids_esters,Carbonic acid,Oxygen Bridge,-893.94674589,-853.47682834,-37.14464301,-3.32527453999999
IrO2,carbonates_carboxylic-acids_esters,Carbonic acid,Metal Bridge,-893.27243514,-853.47682834,-37.14464301,-2.65096378999997
IrO2,carbonates_carboxylic-acids_esters,Carbonic acid,Metal Bridge,-891.68888121,-853.47682834,-37.14464301,-1.06740985999998
IrO2,carbonates_carboxylic-acids_esters,Formic acid,Metal,-885.47124188,-853.47682834,-29.89466833,-2.09974520999998
IrO2,carbonates_carboxylic-acids_esters,Formic acid,Hole,-886.70922206,-853.47682834,-29.89466833,-3.33772539000001
IrO2,carbonates_carboxylic-acids_esters,Formic acid,Hole,-885.4717925,-853.47682834,-29.89466833,-2.10029583
IrO2,carbonates_carboxylic-acids_esters,Formic acid,Oxygen,-885.75913162,-853.47682834,-29.89466833,-2.38763494999995
IrO2,carbonates_carboxylic-acids_esters,Formic acid,Oxygen,-885.7532695,-853.47682834,-29.89466833,-2.38177282999999
IrO2,carbonates_carboxylic-acids_esters,Formic acid,Oxygen Bridge,-884.9409204,-853.47682834,-29.89466833,-1.56942372999999
IrO2,carbonates_carboxylic-acids_esters,Acetic acid,Metal,-903.66045185,-853.47682834,-46.78160119,-3.40202231999996
IrO2,carbonates_carboxylic-acids_esters,Acetic acid,Metal,-902.67995697,-853.47682834,-46.78160119,-2.42152744000003
IrO2,carbonates_carboxylic-acids_esters,Acetic acid,Hole,-902.00461728,-853.47682834,-46.78160119,-1.74618775000005
IrO2,carbonates_carboxylic-acids_esters,Acetic acid,Hole,-901.59727054,-853.47682834,-46.78160119,-1.33884100999995
IrO2,carbonates_carboxylic-acids_esters,Acetic acid,Hole,-900.8919994,-853.47682834,-46.78160119,-0.633569870000031
IrO2,carbonates_carboxylic-acids_esters,Acetic acid,Oxygen,-900.6130505,-853.47682834,-46.78160119,-0.354620969999985
IrO2,carbonates_carboxylic-acids_esters,Acetic acid,Oxygen,-902.66503081,-853.47682834,-46.78160119,-2.40660127999996
IrO2,carbonates_carboxylic-acids_esters,Acetic acid,Oxygen,-901.54377466,-853.47682834,-46.78160119,-1.28534513000005
IrO2,carbonates_carboxylic-acids_esters,Acetic acid,Oxygen Bridge,-902.59606138,-853.47682834,-46.78160119,-2.33763185000004
IrO2,carbonates_carboxylic-acids_esters,Acetic acid,Metal Bridge,-902.66350745,-853.47682834,-46.78160119,-2.40507792
IrO2,carbamate-esters,Carbamic acid,Metal,-898.08091362,-853.47682834,-42.65775764,-1.94632764000005
IrO2,carbamate-esters,Carbamic acid,Metal,-899.60685773,-853.47682834,-42.65775764,-3.47227175
IrO2,carbamate-esters,Carbamic acid,Metal,-898.00275089,-853.47682834,-42.65775764,-1.86816491000002
IrO2,carbamate-esters,Carbamic acid,Hole,-899.60415653,-853.47682834,-42.65775764,-3.46957054999996
IrO2,carbamate-esters,Carbamic acid,Oxygen,-899.57064811,-853.47682834,-42.65775764,-3.43606212999998
IrO2,carbamate-esters,Carbamic acid,Oxygen,-896.62367432,-853.47682834,-42.65775764,-0.489088339999967
IrO2,carbamate-esters,Carbamic acid,Oxygen Bridge,-899.59735921,-853.47682834,-42.65775764,-3.46277323000004
IrO2,carbamate-esters,Carbamic acid,Oxygen Bridge,-899.60377539,-853.47682834,-42.65775764,-3.46918941000001
IrO2,carbamate-esters,Carbamic acid,Metal Bridge,-899.60646974,-853.47682834,-42.65775764,-3.47188375999997
IrO2,carbamate-esters,Carbamic acid,Metal Bridge,-899.50181146,-853.47682834,-42.65775764,-3.36722548
IrO2,amides,Formamide,Metal,-890.67361359,-853.47682834,-36.56652254,-0.630262709999947
IrO2,amides,Formamide,Metal,-892.41365869,-853.47682834,-36.56652254,-2.37030781000004
IrO2,amides,Formamide,Metal,-892.41029229,-853.47682834,-36.56652254,-2.36694141000003
IrO2,amides,Formamide,Hole,-892.40681894,-853.47682834,-36.56652254,-2.36346806
IrO2,amides,Formamide,Hole,-892.41404883,-853.47682834,-36.56652254,-2.37069794999996
IrO2,amides,Formamide,Hole,-892.41118509,-853.47682834,-36.56652254,-2.36783421000001
IrO2,amides,Formamide,Oxygen,-890.64794369,-853.47682834,-36.56652254,-0.604592810000035
IrO2,amides,Formamide,Oxygen,-892.41332285,-853.47682834,-36.56652254,-2.36997196999999
IrO2,amides,Formamide,Oxygen,-889.26721782,-853.47682834,-36.56652254,0.776133059999957
IrO2,amides,Formamide,Oxygen Bridge,-890.64924466,-853.47682834,-36.56652254,-0.605893780000024
IrO2,amides,Formamide,Metal Bridge,-890.61421869,-853.47682834,-36.56652254,-0.570867810000031
IrO2,amides,Formamide,Metal Bridge,-892.41090593,-853.47682834,-36.56652254,-2.36755505000001
IrO2,amides,Acetamide,Metal,-908.27916384,-853.47682834,-52.11050347,-2.69183203000003
IrO2,amides,Acetamide,Metal,-908.25929555,-853.47682834,-52.11050347,-2.67196374000005
IrO2,amides,Acetamide,Metal,-907.70259168,-853.47682834,-52.11050347,-2.11525986999996
IrO2,amides,Acetamide,Hole,-908.27784702,-853.47682834,-52.11050347,-2.69051520999997
IrO2,amides,Acetamide,Hole,-908.27935497,-853.47682834,-52.11050347,-2.69202315999999
IrO2,amides,Acetamide,Oxygen,-908.25601841,-853.47682834,-52.11050347,-2.66868660000003
IrO2,amides,Acetamide,Oxygen,-906.11000264,-853.47682834,-52.11050347,-0.522670829999953
IrO2,amides,Acetamide,Oxygen,-909.31242244,-853.47682834,-52.11050347,-3.72509062999998
IrO2,amides,Acetamide,Oxygen Bridge,-906.01036058,-853.47682834,-52.11050347,-0.423028770000002
IrO2,amides,Acetamide,Metal Bridge,-907.72090728,-853.47682834,-52.11050347,-2.13357547000001
IrO2,amides,Acetamide,Metal Bridge,-907.52518786,-853.47682834,-52.11050347,-1.93785604999997
IrO2,oximes,Formaldoxime,Metal,-889.76850601,-853.47682834,-33.12398914,-3.16768853000001
IrO2,oximes,Formaldoxime,Metal,-889.38279638,-853.47682834,-33.12398914,-2.78197889999995
IrO2,oximes,Formaldoxime,Metal,-889.76919358,-853.47682834,-33.12398914,-3.16837609999998
IrO2,oximes,Formaldoxime,Hole,-889.7668408,-853.47682834,-33.12398914,-3.16602331999996
IrO2,oximes,Formaldoxime,Hole,-889.37820886,-853.47682834,-33.12398914,-2.77739137999998
IrO2,oximes,Formaldoxime,Oxygen,-886.86620726,-853.47682834,-33.12398914,-0.265389780000014
IrO2,oximes,Formaldoxime,Oxygen Bridge,-887.0381109,-853.47682834,-33.12398914,-0.437293419999996
IrO2,oximes,Formaldoxime,Metal Bridge,-888.09202596,-853.47682834,-33.12398914,-1.49120848
IrO2,oximes,Formaldoxime,Metal Bridge,-889.65679472,-853.47682834,-33.12398914,-3.05597724
IrO2,amidines,Formimidamide,Metal,-896.8362648,-853.47682834,-40.15142211,-3.20801434999998
IrO2,amidines,Formimidamide,Metal,-897.9982321,-853.47682834,-40.15142211,-4.36998165
IrO2,amidines,Formimidamide,Metal,-896.59520673,-853.47682834,-40.15142211,-2.96695627999998
IrO2,amidines,Formimidamide,Hole,-895.71871294,-853.47682834,-40.15142211,-2.09046249000005
IrO2,amidines,Formimidamide,Oxygen,-896.60075266,-853.47682834,-40.15142211,-2.97250221000002
IrO2,amidines,Formimidamide,Oxygen Bridge,-896.84411639,-853.47682834,-40.15142211,-3.21586593999996
IrO2,amidines,Formimidamide,Metal Bridge,-896.8653023,-853.47682834,-40.15142211,-3.23705185000006
IrO2,amidines,Formimidamide,Metal Bridge,-897.99600336,-853.47682834,-40.15142211,-4.36775291000004
IrO2,amidines,Acetimidamide,Metal,-912.82801726,-853.47682834,-56.90234126,-2.44884766000003
IrO2,amidines,Acetimidamide,Metal,-913.66607481,-853.47682834,-56.90234126,-3.28690521000006
IrO2,amidines,Acetimidamide,Metal,-913.45502687,-853.47682834,-56.90234126,-3.07585726999999
IrO2,amidines,Acetimidamide,Hole,-913.38530014,-853.47682834,-56.90234126,-3.00613054000003
IrO2,amidines,Acetimidamide,Hole,-912.79039195,-853.47682834,-56.90234126,-2.41122234999996
IrO2,amidines,Acetimidamide,Hole,-912.83744791,-853.47682834,-56.90234126,-2.45827831000004
IrO2,amidines,Acetimidamide,Oxygen,-910.82365305,-853.47682834,-56.90234126,-0.444483449999964
IrO2,amidines,Acetimidamide,Oxygen,-913.37802766,-853.47682834,-56.90234126,-2.99885806000005
IrO2,amidines,Acetimidamide,Oxygen Bridge,-910.44015197,-853.47682834,-56.90234126,-0.0609823699999907
IrO2,amidines,Acetimidamide,Oxygen Bridge,-910.92830759,-853.47682834,-56.90234126,-0.549137990000034
IrO2,amidines,Acetimidamide,Metal Bridge,-914.83711834,-853.47682834,-56.90234126,-4.45794873999996
